/*
SQLyog Ultimate v12.09 (64 bit)
MySQL - 5.7.21-1ubuntu1 : Database - phoenix
*********************************************************************
*/

/*!40101 SET NAMES utf8 */;

/*!40101 SET SQL_MODE=''*/;

/*!40014 SET @OLD_UNIQUE_CHECKS=@@UNIQUE_CHECKS, UNIQUE_CHECKS=0 */;
/*!40014 SET @OLD_FOREIGN_KEY_CHECKS=@@FOREIGN_KEY_CHECKS, FOREIGN_KEY_CHECKS=0 */;
/*!40101 SET @OLD_SQL_MODE=@@SQL_MODE, SQL_MODE='NO_AUTO_VALUE_ON_ZERO' */;
/*!40111 SET @OLD_SQL_NOTES=@@SQL_NOTES, SQL_NOTES=0 */;
CREATE DATABASE /*!32312 IF NOT EXISTS*/`phoenix` /*!40100 DEFAULT CHARACTER SET gbk */;

USE `phoenix`;

/*Data for the table `camp_algorithm` */

/*Data for the table `camp_base` */

insert  into `camp_base`(`camp_id`,`camp_name`,`shop_id`,`shop_name`,`camp_status`,`camp_start`,`camp_end`,`gmt_created`,`gmt_modified`) values (19,'新店开张大促销一期活动','23','吃饱了','CAMP_ONLINE','2018-12-20 06:22:15','2020-12-20 00:00:00','2018-12-20 06:22:27','2018-12-20 21:03:28'),(20,'新店开张大促销二期活动','23','吃饱了','CAMP_ONLINE','2018-12-20 06:22:15','2020-12-20 00:00:00','2018-12-20 06:22:36','2018-12-20 21:03:31'),(22,'新店开张大促销三期活动','23','吃饱了','CAMP_DRAFT','2018-12-20 06:22:15','2020-12-20 00:00:00','2018-12-20 06:23:15','2018-12-20 06:23:15'),(23,'发大发大发1','23','吃饱了','CAMP_EXPIRED','2018-12-20 21:05:35','2018-12-20 21:07:39','2018-12-20 21:05:46','2018-12-20 21:07:59');

/*Data for the table `camp_prize` */

insert  into `camp_prize`(`prize_id`,`prize_name`,`camp_id`,`shop_id`,`prize_level`,`prize_percent`,`distribution`,`price`,`prize_amount`,`prize_status`,`prize_effictive`,`prize_expired`,`gmt_created`,`gmt_modified`) values (27,'通用10元优惠券','19','23','1','100','GFD:{{D:3/14,P:1/1},{D:3/13,P:1/2},{D:3/12,P:1/3}}','10','9999999','CAMP_PRIZE_ONLINE','2018-12-20 06:23:49','2020-12-20 00:00:00','2018-12-20 06:27:27','2018-12-20 21:03:23'),(28,'全场通用2元优惠券','20','23','1','100','GFD:{{D:3/14,P:1/1},{D:3/13,P:1/2},{D:3/12,P:1/3}}','2','999999','CAMP_PRIZE_ONLINE','2018-12-20 06:31:14','2020-12-20 00:00:00','2018-12-20 06:31:22','2018-12-20 21:02:22'),(29,'全场通用2元优惠券','19','23','1','100','GFD:{{D:3/14,P:1/1},{D:3/13,P:1/2},{D:3/12,P:1/3}}','2','99','CAMP_PRIZE_ONLINE','2018-12-20 14:51:49','2020-12-20 00:00:00','2018-12-20 14:51:58','2018-12-20 21:03:25'),(30,'大发','23','23','1','100',NULL,'1','1','CAMP_PRIZE_EXPIRED','2018-12-20 21:06:06','2018-12-20 21:07:09','2018-12-20 21:06:17','2018-12-20 21:08:04');

/*Data for the table `camp_prize_goods_ref` */

insert  into `camp_prize_goods_ref`(`prize_id`,`goods_id`,`gmt_created`,`gmt_modified`) values (27,26,'2018-12-20 06:27:49','2018-12-20 06:27:49'),(27,32,'2018-12-20 06:27:49','2018-12-20 06:27:49'),(27,35,'2018-12-20 06:27:49','2018-12-20 06:27:49'),(27,34,'2018-12-20 06:27:49','2018-12-20 06:27:49'),(27,38,'2018-12-20 06:27:49','2018-12-20 06:27:49'),(28,25,'2018-12-20 06:31:33','2018-12-20 06:31:33'),(28,26,'2018-12-20 06:31:33','2018-12-20 06:31:33'),(28,27,'2018-12-20 06:31:33','2018-12-20 06:31:33'),(28,32,'2018-12-20 06:31:33','2018-12-20 06:31:33'),(28,33,'2018-12-20 06:31:33','2018-12-20 06:31:33'),(28,34,'2018-12-20 06:31:33','2018-12-20 06:31:33'),(28,35,'2018-12-20 06:31:33','2018-12-20 06:31:33'),(28,36,'2018-12-20 06:31:33','2018-12-20 06:31:33'),(28,37,'2018-12-20 06:31:33','2018-12-20 06:31:33'),(28,38,'2018-12-20 06:31:33','2018-12-20 06:31:33'),(28,39,'2018-12-20 06:31:33','2018-12-20 06:31:33'),(28,41,'2018-12-20 06:31:33','2018-12-20 06:31:33'),(29,25,'2018-12-20 14:52:48','2018-12-20 14:52:48'),(29,26,'2018-12-20 14:52:48','2018-12-20 14:52:48'),(29,27,'2018-12-20 14:52:48','2018-12-20 14:52:48'),(30,25,'2018-12-20 21:06:21','2018-12-20 21:06:21');

/*Data for the table `camp_shop_prize_out` */

/*Data for the table `px_goods` */

insert  into `px_goods`(`goods_id`,`shop_id`,`goods_status`,`goods_image`,`goods_title`,`goods_desc`,`goods_price`,`goods_comm_price`,`goods_online_time`,`goods_type`,`order_type`,`is_huiyuan`,`is_quan`,`is_tuan`,`goods_sell_amount`,`gmt_expired`,`gmt_created`,`gmt_modified`) values (16,14,'PX_GOODS_DRAFT','1534864559076.jpg','string1111','string111','11','11','string--','PX_GOODS_CR_ZC_PKG','PX_NEED_APPOINTMENT','PX_UNSUPPORT_HUIYUAN','PX_UNHAS_QUAN','PX_HAS_TUAN','string','2018-10-01 17:11:47','2018-07-26 18:32:36','2018-12-19 01:04:40'),(17,14,'PX_GOODS_DRAFT','1533876419378.jpg','string','string','string','string','string','PX_GOODS_CR_CM_PKG','PX_NON_APPOINTMENT','PX_SUPPORT_HUIYUAN','PX_HAS_QUAN','PX_HAS_TUAN','string','2018-08-31 17:11:47','2018-07-26 18:32:36','2018-12-19 01:05:31'),(20,16,'PX_GOODS_DRAFT','1533892988671.jpg','肉夹馍','经典单人餐','6','7','周一至周日','PX_GOODS_CR_CM_PKG','PX_NON_APPOINTMENT','PX_UNSUPPORT_HUIYUAN','PX_HAS_QUAN','PX_HAS_TUAN',NULL,'2018-08-31 17:24:03','2018-07-29 11:56:24','2018-08-20 01:10:04'),(21,14,'PX_GOODS_DRAFT','1533876504507.jpg','gsfg反反复复付付付付付','sfdgfg','9','9','yr','PX_GOODS_CR_CM_PKG','PX_NON_APPOINTMENT','PX_UNSUPPORT_HUIYUAN','PX_HAS_QUAN','PX_HAS_TUAN',NULL,'2018-08-30 22:06:06','2018-08-07 10:56:13','2018-08-19 01:58:43'),(22,14,'PX_GOODS_DRAFT','1533624249495.jpg','大的爽肤水','阿萨德饭店','按时打发第三方','爱的发第三方','发大是大非','PX_GOODS_CR_CM_PKG','PX_NON_APPOINTMENT','PX_SUPPORT_HUIYUAN','PX_HAS_QUAN','PX_HAS_TUAN',NULL,'2018-08-30 00:48:38','2018-08-07 14:44:21','2018-08-19 01:58:43'),(25,23,'PX_GOODS_OFFLINE','1533800579672.jpg','油泼面','经典单人餐','7.00','8.00','周一至周日','PX_GOODS_CR_ZC_PKG','PX_NON_APPOINTMENT','PX_UNSUPPORT_HUIYUAN','PX_HAS_QUAN','PX_HAS_TUAN','0','2018-10-01 08:00:00','2018-08-09 15:43:02','2018-12-28 20:56:06'),(26,23,'PX_GOODS_OFFLINE','1533804856553.jpg','砂锅','经典单人餐','10','12','早8:00~晚21:00','PX_GOODS_CR_ZC_PKG','PX_NON_APPOINTMENT','PX_SUPPORT_HUIYUAN','PX_HAS_QUAN','PX_HAS_TUAN','1','2019-08-31 08:00:00','2018-08-09 16:54:18','2018-12-28 20:56:11'),(27,23,'PX_GOODS_OFFLINE','1533820534827.jpg','擀面皮','经典单人餐','7','8','早上8:00~晚上21:00','PX_GOODS_CR_ZC_PKG','PX_NON_APPOINTMENT','PX_UNSUPPORT_HUIYUAN','PX_HAS_QUAN','PX_UNHAS_TUAN','101','2019-08-09 08:00:00','2018-08-09 21:15:37','2018-12-28 20:56:17'),(29,19,'PX_GOODS_DRAFT','1533879717815.jpg','大发','大发','4','4','大发','PX_GOODS_CR_CM_PKG','PX_NON_APPOINTMENT','PX_SUPPORT_HUIYUAN','PX_HAS_QUAN','PX_HAS_TUAN','0','2018-08-10 13:51:00','2018-08-10 13:41:57','2018-08-10 13:50:59'),(32,23,'PX_GOODS_OFFLINE','1534497495368.jpg','水饺','经典单人餐','12','15','早8:00~晚21:00','PX_GOODS_CR_ZC_PKG','PX_NON_APPOINTMENT','PX_SUPPORT_HUIYUAN','PX_HAS_QUAN','PX_HAS_TUAN','601','2019-08-17 08:00:00','2018-08-17 17:18:16','2018-12-28 20:56:21'),(33,23,'PX_GOODS_OFFLINE','1534499539262.jpg','岐山臊子面','经典单人套餐','8','10','早8:00~晚21:00','PX_GOODS_CR_ZC_PKG','PX_NON_APPOINTMENT','PX_SUPPORT_HUIYUAN','PX_UNHAS_QUAN','PX_HAS_TUAN','1001','2019-08-17 08:00:00','2018-08-17 17:52:20','2018-12-28 20:56:31'),(34,23,'PX_GOODS_OFFLINE','1534499718412.jpg','牛肉面','经典单人套餐','10','12','早8:00~晚21:00','PX_GOODS_CR_ZC_PKG','PX_NON_APPOINTMENT','PX_UNSUPPORT_HUIYUAN','PX_UNHAS_QUAN','PX_HAS_TUAN','301','2019-08-17 08:00:00','2018-08-17 17:55:19','2018-12-28 20:56:35'),(35,23,'PX_GOODS_OFFLINE','1534574532489.jpg','酸辣粉','经典单人套餐','10','12','早8:00~晚21:00','PX_GOODS_CR_CM_PKG','PX_NON_APPOINTMENT','PX_UNSUPPORT_HUIYUAN','PX_HAS_QUAN','PX_HAS_TUAN',NULL,'2019-08-18 08:00:00','2018-08-18 14:42:12','2018-12-28 20:56:40'),(36,23,'PX_GOODS_OFFLINE','1534574776593.jpg','豌豆凉粉','经典单人套餐','5','7','早8:00~晚21:00','PX_GOODS_CR_CM_PKG','PX_NON_APPOINTMENT','PX_UNSUPPORT_HUIYUAN','PX_HAS_QUAN','PX_HAS_TUAN',NULL,'2019-08-18 08:00:00','2018-08-18 14:46:16','2018-12-28 20:56:46'),(37,23,'PX_GOODS_OFFLINE','1534574982356.jpg','肠粉','经典单人套餐','6','8','早8:00~晚21:00','PX_GOODS_CR_CM_PKG','PX_NON_APPOINTMENT','PX_SUPPORT_HUIYUAN','PX_UNHAS_QUAN','PX_HAS_TUAN',NULL,'2019-08-18 08:00:00','2018-08-18 14:49:42','2018-12-28 20:56:51'),(38,23,'PX_GOODS_OFFLINE','1534600430610.jpg','馄饨','经典单人套餐','10','12','早8:00~晚21:00','PX_GOODS_CR_CM_PKG','PX_NON_APPOINTMENT','PX_UNSUPPORT_HUIYUAN','PX_HAS_QUAN','PX_HAS_TUAN',NULL,'2019-08-18 08:00:00','2018-08-18 21:53:50','2018-12-28 20:56:56'),(39,23,'PX_GOODS_OFFLINE','1534650907388.jpg','浆水面','经典单人套餐','7','8','早8:00~晚21:00','PX_GOODS_CR_CM_PKG','PX_NON_APPOINTMENT','PX_SUPPORT_HUIYUAN','PX_HAS_QUAN','PX_HAS_TUAN',NULL,'2019-08-19 08:00:00','2018-08-19 11:55:08','2018-12-28 20:57:02'),(41,23,'PX_GOODS_OFFLINE','1534766617606.jpg','热米皮','经典单人套餐','6','8','周一至周日','PX_GOODS_CR_CM_PKG','PX_NON_APPOINTMENT','PX_UNSUPPORT_HUIYUAN','PX_UNHAS_QUAN','PX_UNHAS_TUAN',NULL,'2019-08-20 08:00:00','2018-08-20 20:03:38','2018-12-28 20:57:06'),(42,14,'PX_GOODS_DRAFT','1545153074160.jpg','zvasddasv','经典单人套餐','99','99','周一至周日','PX_GOODS_RT_CM_PKG','PX_NON_APPOINTMENT','PX_SUPPORT_HUIYUAN','PX_HAS_QUAN','PX_HAS_TUAN',NULL,'2019-12-19 00:00:00','2018-12-19 01:11:14','2018-12-19 01:11:14'),(43,24,'PX_GOODS_ONLINE','1545986217828.jpg','香辣鸡排堡','单品','7','9','周一至周日早上9点至晚上22点','PX_GOODS_HB','PX_NON_APPOINTMENT','PX_UNSUPPORT_HUIYUAN','PX_HAS_QUAN','PX_HAS_TUAN',NULL,'2019-12-28 00:00:00','2018-12-28 16:36:59','2019-01-17 23:19:59'),(44,24,'PX_GOODS_ONLINE','1545986752214.jpg','至尊牛肉堡','单品','8','9','周一至周日早8点至晚22点','PX_GOODS_HB','PX_NON_APPOINTMENT','PX_UNSUPPORT_HUIYUAN','PX_HAS_QUAN','PX_HAS_TUAN',NULL,'2019-12-28 00:00:00','2018-12-28 16:45:53','2018-12-28 16:55:23'),(45,24,'PX_GOODS_ONLINE','1545987604684.jpg','鸡米花','单品','5','7','周一至周日 早8点至晚10点','PX_GOODS_YX_PKG','PX_NON_APPOINTMENT','PX_UNSUPPORT_HUIYUAN','PX_HAS_QUAN','PX_HAS_TUAN',NULL,'2019-12-28 00:00:00','2018-12-28 17:00:06','2018-12-28 17:01:42'),(46,24,'PX_GOODS_ONLINE','1545987774491.jpg','大薯条','单品','5','7','周一至周日 早8点至晚10点','PX_GOODS_YX_PKG','PX_NON_APPOINTMENT','PX_UNSUPPORT_HUIYUAN','PX_HAS_QUAN','PX_HAS_TUAN',NULL,'2019-12-28 00:00:00','2018-12-28 17:02:56','2018-12-28 17:05:00'),(47,24,'PX_GOODS_ONLINE','1546000171387.jpg','墨西哥鸡肉卷','单品','7','9','周一至周日 早8点至晚10点','PX_GOODS_HB','PX_NON_APPOINTMENT','PX_UNSUPPORT_HUIYUAN','PX_HAS_QUAN','PX_HAS_TUAN',NULL,'2019-12-28 00:00:00','2018-12-28 20:29:32','2018-12-28 20:32:03'),(48,24,'PX_GOODS_ONLINE','1546002309591.jpg','至Q虾条球','单品','5','8','周一至周日 早8点至晚10点','PX_GOODS_PS','PX_NON_APPOINTMENT','PX_UNSUPPORT_HUIYUAN','PX_HAS_QUAN','PX_HAS_TUAN',NULL,'2019-12-28 08:00:00','2018-12-28 21:05:09','2018-12-28 21:08:23'),(49,24,'PX_GOODS_ONLINE','1546002601168.jpg','芝士热狗','单品','5','8','周一至周日 早8点至晚10点','PX_GOODS_HB','PX_NON_APPOINTMENT','PX_UNSUPPORT_HUIYUAN','PX_HAS_QUAN','PX_HAS_TUAN',NULL,'2019-12-28 08:00:00','2018-12-28 21:10:01','2018-12-28 21:11:26'),(50,24,'PX_GOODS_ONLINE','1546002779461.jpg','至尊披萨7寸','单品','18','20','周一至周日 早8点至晚10点','PX_GOODS_HB','PX_NON_APPOINTMENT','PX_UNSUPPORT_HUIYUAN','PX_HAS_QUAN','PX_HAS_TUAN',NULL,'2019-12-28 08:00:00','2018-12-28 21:12:59','2018-12-28 21:15:49'),(51,24,'PX_GOODS_ONLINE','1546003371310.jpg','香辣炸全鸡','单品','18','20','周一至周日 早8点至晚10点','PX_GOODS_HB','PX_NON_APPOINTMENT','PX_UNSUPPORT_HUIYUAN','PX_HAS_QUAN','PX_HAS_TUAN',NULL,'2019-12-28 08:00:00','2018-12-28 21:22:51','2018-12-28 21:24:49'),(52,24,'PX_GOODS_ONLINE','1546003584911.jpg','大脸鸡排','单品','8','9','周一至周日 早8点至晚10点','PX_GOODS_HB','PX_NON_APPOINTMENT','PX_UNSUPPORT_HUIYUAN','PX_HAS_QUAN','PX_HAS_TUAN',NULL,'2019-12-28 08:00:00','2018-12-28 21:26:24','2018-12-28 21:27:47'),(53,24,'PX_GOODS_ONLINE','1546003740305.jpg','香辣鸡翅','单品','6','7','周一至周日 早8点至晚10点','PX_GOODS_PS','PX_NON_APPOINTMENT','PX_UNSUPPORT_HUIYUAN','PX_HAS_QUAN','PX_HAS_TUAN',NULL,'2019-12-28 08:00:00','2018-12-28 21:29:00','2018-12-28 21:30:31'),(54,24,'PX_GOODS_ONLINE','1546003897556.jpg','骨肉相连','单品','3','3.5','周一至周日 早8点至晚10点','PX_GOODS_PS','PX_NON_APPOINTMENT','PX_UNSUPPORT_HUIYUAN','PX_HAS_QUAN','PX_HAS_TUAN',NULL,'2019-12-28 16:00:00','2018-12-28 21:31:37','2018-12-28 21:35:03'),(55,24,'PX_GOODS_ONLINE','1546004174087.jpg','冰淇淋','单品','3','3.5','周一至周日 早8点至晚10点','PX_GOODS_BQL','PX_NON_APPOINTMENT','PX_UNSUPPORT_HUIYUAN','PX_HAS_QUAN','PX_HAS_TUAN',NULL,'2019-12-28 08:00:00','2018-12-28 21:36:14','2018-12-28 21:37:34'),(56,24,'PX_GOODS_ONLINE','1546004666476.jpg','百事可乐中杯','单品','5','6','周一至周日 早8点至晚10点','PX_GOODS_CY','PX_NON_APPOINTMENT','PX_UNSUPPORT_HUIYUAN','PX_HAS_QUAN','PX_HAS_TUAN',NULL,'2019-12-29 16:00:00','2018-12-28 21:40:29','2019-01-17 15:11:16'),(57,24,'PX_GOODS_ONLINE','1546004598686.jpg','雪碧中杯','单品','4','6','周一至周日 早8点至晚10点','PX_GOODS_CY','PX_NON_APPOINTMENT','PX_UNSUPPORT_HUIYUAN','PX_HAS_QUAN','PX_HAS_TUAN',NULL,'2019-12-28 08:00:00','2018-12-28 21:43:18','2018-12-28 21:46:49'),(58,24,'PX_GOODS_ONLINE','1546004945864.jpg','美年达中杯','单品','4','6','周一至周日 早8点至晚10点','PX_GOODS_CY','PX_NON_APPOINTMENT','PX_UNSUPPORT_HUIYUAN','PX_HAS_QUAN','PX_HAS_TUAN',NULL,'2019-12-28 08:00:00','2018-12-28 21:49:05','2018-12-28 21:50:08'),(59,24,'PX_GOODS_ONLINE','1546005093076.jpg','原味奶茶','单品','5','8','周一至周日 早8点至晚10点','PX_GOODS_NC','PX_NON_APPOINTMENT','PX_UNSUPPORT_HUIYUAN','PX_HAS_QUAN','PX_HAS_TUAN',NULL,'2019-12-28 08:00:00','2018-12-28 21:51:33','2018-12-28 21:53:07'),(60,24,'PX_GOODS_ONLINE','1546005233220.jpg','丝袜奶茶','单品','5','8','周一至周日 早8点至晚10点','PX_GOODS_NC','PX_NON_APPOINTMENT','PX_UNSUPPORT_HUIYUAN','PX_HAS_QUAN','PX_HAS_TUAN',NULL,'2019-12-28 08:00:00','2018-12-28 21:53:53','2018-12-28 21:55:00'),(61,24,'PX_GOODS_ONLINE','1546005397774.jpg','特调西瓜汁','单品','5','8','周一至周日 早8点至晚10点','PX_GOODS_CY','PX_NON_APPOINTMENT','PX_UNSUPPORT_HUIYUAN','PX_HAS_QUAN','PX_HAS_TUAN',NULL,'2019-12-28 08:00:00','2018-12-28 21:56:37','2018-12-28 21:58:39'),(62,24,'PX_GOODS_ONLINE','1546005571519.jpg','特调芒果汁','单品','5','8','周一至周日 早8点至晚10点','PX_GOODS_NC','PX_NON_APPOINTMENT','PX_UNSUPPORT_HUIYUAN','PX_HAS_QUAN','PX_HAS_TUAN',NULL,'2019-12-28 08:00:00','2018-12-28 21:59:31','2018-12-28 22:00:41'),(63,24,'PX_GOODS_ONLINE','1546005691613.jpg','特调草莓汁','单品','5','8','周一至周日 早8点至晚10点','PX_GOODS_CY','PX_NON_APPOINTMENT','PX_UNSUPPORT_HUIYUAN','PX_HAS_QUAN','PX_HAS_TUAN',NULL,'2019-12-29 00:00:00','2018-12-28 22:01:31','2019-01-17 15:09:47'),(64,24,'PX_GOODS_ONLINE','1547709030320.jpg','特调柳橙汁','单品','5','8','周一至周日 早8点至晚10点','PX_GOODS_CY','PX_NON_APPOINTMENT','PX_UNSUPPORT_HUIYUAN','PX_HAS_QUAN','PX_HAS_TUAN',NULL,'2019-12-28 16:00:00','2018-12-28 22:03:55','2019-01-17 15:10:53'),(65,24,'PX_GOODS_ONLINE','1546005966635.jpg','特调柠檬汁','单品','5','8','周一至周日 早8点至晚10点','PX_GOODS_CY','PX_NON_APPOINTMENT','PX_UNSUPPORT_HUIYUAN','PX_HAS_QUAN','PX_HAS_TUAN',NULL,'2019-12-28 08:00:00','2018-12-28 22:06:06','2019-01-17 15:11:33'),(66,24,'PX_GOODS_ONLINE','1546700962389.jpg','特调凤梨果汁','单品','5','7','周一至周日 早8点至晚10点','PX_GOODS_CY','PX_NON_APPOINTMENT','PX_UNSUPPORT_HUIYUAN','PX_HAS_QUAN','PX_HAS_TUAN',NULL,'2020-01-05 08:00:00','2019-01-05 23:09:22','2019-01-05 23:11:23'),(67,24,'PX_GOODS_ONLINE','1546701149915.jpg','特调百香果汁','单品','5','7','周一至周日 早8点至晚10点','PX_GOODS_CY','PX_NON_APPOINTMENT','PX_UNSUPPORT_HUIYUAN','PX_HAS_QUAN','PX_HAS_TUAN',NULL,'2020-01-05 08:00:00','2019-01-05 23:12:29','2019-01-05 23:15:33'),(68,24,'PX_GOODS_ONLINE','1547710724933.jpg','蓝莓味奶茶','单品','5','6','周一至周日 早8点至晚10点','PX_GOODS_NC','PX_NON_APPOINTMENT','PX_UNSUPPORT_HUIYUAN','PX_HAS_QUAN','PX_HAS_TUAN',NULL,'2020-01-17 00:00:00','2019-01-17 15:38:46','2019-01-17 15:40:49'),(69,24,'PX_GOODS_ONLINE','1547710934694.jpg','柳橙味奶茶','单品','5','6','周一至周日 早8点至晚10点','PX_GOODS_CY','PX_NON_APPOINTMENT','PX_UNSUPPORT_HUIYUAN','PX_HAS_QUAN','PX_HAS_TUAN',NULL,'2020-01-17 00:00:00','2019-01-17 15:42:16','2019-01-17 15:45:49'),(70,24,'PX_GOODS_ONLINE','1547711205436.jpg','草莓味奶茶','单品','5','6','周一至周日 早8点至晚10点','PX_GOODS_NC','PX_NON_APPOINTMENT','PX_UNSUPPORT_HUIYUAN','PX_HAS_QUAN','PX_HAS_TUAN',NULL,'2020-01-17 00:00:00','2019-01-17 15:46:46','2019-01-17 15:49:15'),(71,24,'PX_GOODS_ONLINE','1547711460994.jpg','红豆味奶茶','单品','5','6','周一至周日 早8点至晚10点','PX_GOODS_NC','PX_NON_APPOINTMENT','PX_UNSUPPORT_HUIYUAN','PX_HAS_QUAN','PX_HAS_TUAN',NULL,'2020-01-17 00:00:00','2019-01-17 15:51:02','2019-01-17 17:53:34'),(72,24,'PX_GOODS_ONLINE','1547711667989.jpg','香草味奶茶','单品','5','6','周一至周日 早8点至晚10点','PX_GOODS_NC','PX_NON_APPOINTMENT','PX_UNSUPPORT_HUIYUAN','PX_HAS_QUAN','PX_HAS_TUAN',NULL,'2020-01-17 00:00:00','2019-01-17 15:54:29','2019-01-17 15:57:28'),(73,24,'PX_GOODS_ONLINE','1547711924835.jpg','荔枝味奶茶','单品','5','6','周一至周日 早8点至晚10点','PX_GOODS_NC','PX_NON_APPOINTMENT','PX_UNSUPPORT_HUIYUAN','PX_HAS_QUAN','PX_HAS_TUAN',NULL,'2020-01-17 00:00:00','2019-01-17 15:58:46','2019-01-17 17:54:18'),(74,24,'PX_GOODS_ONLINE','1547712070034.jpg','巧克力味奶茶','单品','5','6','周一至周日 早8点至晚10点','PX_GOODS_NC','PX_NON_APPOINTMENT','PX_UNSUPPORT_HUIYUAN','PX_HAS_QUAN','PX_HAS_TUAN',NULL,'2020-01-17 00:00:00','2019-01-17 16:01:11','2019-01-17 16:03:42'),(75,24,'PX_GOODS_ONLINE','1547712318250.jpg','香芋味奶茶','单品','5','6','周一至周日 早8点至晚10点','PX_GOODS_NC','PX_NON_APPOINTMENT','PX_UNSUPPORT_HUIYUAN','PX_HAS_QUAN','PX_HAS_TUAN',NULL,'2020-01-17 00:00:00','2019-01-17 16:05:19','2019-01-17 16:06:57'),(76,24,'PX_GOODS_ONLINE','1547713308205.jpg','香芋地瓜丸','单品','3','4','周一至周日 早8点至晚10点','PX_GOODS_PS','PX_NON_APPOINTMENT','PX_UNSUPPORT_HUIYUAN','PX_HAS_QUAN','PX_HAS_TUAN',NULL,'2020-01-17 08:00:00','2019-01-17 16:17:50','2019-01-17 16:25:27'),(77,24,'PX_GOODS_ONLINE','1547713600057.jpg','盐酥杏鲍菇','单品','3','4','周一至周日 早8点至晚10点','PX_GOODS_NC','PX_NON_APPOINTMENT','PX_UNSUPPORT_HUIYUAN','PX_HAS_QUAN','PX_HAS_TUAN',NULL,'2020-01-17 00:00:00','2019-01-17 16:26:41','2019-01-17 16:30:52'),(78,24,'PX_GOODS_ONLINE','1547714047870.jpg','至珍全虾堡','单品','8','9','周一至周日 早8点至晚10点','PX_GOODS_HB','PX_NON_APPOINTMENT','PX_UNSUPPORT_HUIYUAN','PX_HAS_QUAN','PX_HAS_TUAN',NULL,'2020-01-17 00:00:00','2019-01-17 16:34:09','2019-01-17 16:35:47'),(79,24,'PX_GOODS_ONLINE','1547715540452.jpg','经典单人A套餐','单人套餐','13','21.50','周一至周日 早8点至晚10点','PX_GOODS_CR_CM_PKG','PX_NON_APPOINTMENT','PX_UNSUPPORT_HUIYUAN','PX_HAS_QUAN','PX_HAS_TUAN',NULL,'2020-01-17 00:00:00','2019-01-17 16:59:01','2019-01-17 17:14:54'),(80,24,'PX_GOODS_ONLINE','1547717985838.jpg','经典单人B套餐','单人套餐','13','23','周一至周日 早8点至晚10点','PX_GOODS_CR_CM_PKG','PX_NON_APPOINTMENT','PX_UNSUPPORT_HUIYUAN','PX_HAS_QUAN','PX_HAS_TUAN',NULL,'2020-01-17 00:00:00','2019-01-17 17:39:47','2019-01-17 17:50:09'),(81,24,'PX_GOODS_ONLINE','1547718981260.jpg','双人特惠A套餐','双人套餐','23.90','48.5','周一至周日 早8点至晚10点','PX_GOODS_CR_CM_PKG','PX_NON_APPOINTMENT','PX_UNSUPPORT_HUIYUAN','PX_HAS_QUAN','PX_HAS_TUAN',NULL,'2021-01-17 00:00:00','2019-01-17 17:56:22','2019-01-17 23:19:37'),(82,24,'PX_GOODS_ONLINE','1547734137775.jpg','给力三人套餐','三人套餐','53.00','83.00','周一至周日 早8点至晚10点','PX_GOODS_CR_CM_PKG','PX_NON_APPOINTMENT','PX_UNSUPPORT_HUIYUAN','PX_HAS_QUAN','PX_HAS_TUAN',NULL,'2021-01-17 00:00:00','2019-01-17 22:08:59','2019-01-17 23:20:22'),(83,24,'PX_GOODS_ONLINE','1547735860797.jpg','双人特惠B套餐','双人套餐','22.90','33.50','周一至周日 早8点至晚10点','PX_GOODS_CR_CM_PKG','PX_NON_APPOINTMENT','PX_UNSUPPORT_HUIYUAN','PX_HAS_QUAN','PX_HAS_TUAN',NULL,'2021-01-17 00:00:00','2019-01-17 22:37:42','2019-01-17 23:20:30'),(84,24,'PX_GOODS_ONLINE','1547737596112.jpg','披萨单人A套餐','单人套餐','18','27','周一至周日 早8点至晚10点','PX_GOODS_CR_CM_PKG','PX_NON_APPOINTMENT','PX_UNSUPPORT_HUIYUAN','PX_HAS_QUAN','PX_HAS_TUAN',NULL,'2021-01-17 00:00:00','2019-01-17 23:06:37','2019-01-17 23:23:44'),(85,24,'PX_GOODS_ONLINE','1547738330191.jpg','炸鸡单人A套餐','单人套餐','18','26.5','周一至周日 早8点至晚10点','PX_GOODS_CR_CM_PKG','PX_NON_APPOINTMENT','PX_UNSUPPORT_HUIYUAN','PX_HAS_QUAN','PX_HAS_TUAN',NULL,'2021-01-17 00:00:00','2019-01-17 23:18:51','2019-01-18 09:55:44');

/*Data for the table `px_goods_packages_detail` */

insert  into `px_goods_packages_detail`(`packages_detail_id`,`goods_id`,`package_detail_name`,`gmt_created`,`gmt_modified`) values (1,1,'待定111111111待定','2018-07-27 22:40:32','2018-07-27 22:46:53'),(6,17,'配菜2选1','2018-07-29 11:36:12','2018-07-29 11:36:12'),(10,20,'主食','2018-07-29 11:57:45','2018-08-05 12:14:35'),(11,20,'配菜2选1','2018-07-29 11:58:47','2018-08-05 12:15:40'),(12,20,'饮料2选1','2018-07-29 11:58:50','2018-08-05 12:16:40'),(13,16,'主食','2018-08-04 22:45:24','2018-08-04 22:46:27'),(14,16,'饮料','2018-08-04 22:46:40','2018-08-04 22:46:40'),(15,16,'其他','2018-08-04 22:47:23','2018-08-04 22:47:23'),(21,25,'特色菜','2018-08-09 15:54:11','2018-08-09 15:56:00'),(22,25,'配菜4选1','2018-08-09 15:57:03','2018-08-09 16:03:11'),(23,25,'饮料2选1','2018-08-09 15:58:46','2018-08-09 15:58:46'),(27,26,'特色菜','2018-08-09 17:05:19','2018-08-09 17:05:19'),(28,26,'配菜2选1','2018-08-09 17:06:08','2018-08-09 17:06:08'),(29,26,'饮料2选1','2018-08-09 17:07:16','2018-08-09 17:07:16'),(117,22,'特色菜','2018-08-09 20:47:41','2018-08-09 20:47:41'),(121,27,'特色菜','2018-08-09 21:15:54','2018-08-09 21:15:54'),(122,27,'配菜2选1','2018-08-09 21:15:54','2018-08-09 21:15:54'),(123,27,'饮料2选1','2018-08-09 21:15:54','2018-08-09 21:15:54'),(124,27,'其他','2018-08-09 21:15:55','2018-08-09 21:15:55'),(125,21,'特色菜','2018-08-10 12:49:38','2018-08-10 12:49:38'),(129,29,'特色菜','2018-08-10 13:42:01','2018-08-10 13:42:01'),(130,32,'特色菜','2018-08-17 17:37:03','2018-08-17 17:37:03'),(131,32,'配菜2选1','2018-08-17 17:37:03','2018-08-17 17:37:03'),(132,32,'饮料2选1','2018-08-17 17:37:04','2018-08-17 17:37:04'),(133,32,'其他','2018-08-17 17:37:04','2018-08-17 17:37:04'),(134,33,'特色菜','2018-08-17 17:53:23','2018-08-17 17:53:23'),(138,34,'特色菜','2018-08-17 17:55:28','2018-08-17 17:55:28'),(142,35,'特色菜','2018-08-18 14:42:18','2018-08-18 14:42:18'),(144,35,'饮料2选1','2018-08-18 14:42:18','2018-08-18 14:42:18'),(146,36,'特色菜','2018-08-18 14:46:22','2018-08-18 14:46:22'),(148,36,'饮料2选1','2018-08-18 14:46:22','2018-08-18 14:46:22'),(150,37,'特色菜','2018-08-18 14:49:47','2018-08-18 14:49:47'),(154,38,'特色菜','2018-08-18 21:53:54','2018-08-18 21:53:54'),(155,39,'特色菜','2018-08-19 11:55:32','2018-08-19 11:55:32'),(163,39,'特色菜','2018-08-19 11:56:48','2018-08-19 11:56:48'),(164,39,'配菜2选1','2018-08-19 11:56:48','2018-08-19 11:56:48'),(165,41,'特色菜','2018-08-20 20:03:51','2018-08-20 20:03:51'),(167,41,'饮料2选1','2018-08-20 20:03:52','2018-08-20 20:03:52'),(168,43,'香辣鸡排堡','2018-12-28 16:37:32','2018-12-28 16:37:58'),(172,44,'牛肉堡','2018-12-28 16:53:39','2018-12-28 16:53:57'),(176,45,'特色菜','2018-12-28 17:00:15','2018-12-28 17:00:15'),(180,46,'特色菜','2018-12-28 17:03:02','2018-12-28 17:03:02'),(184,47,'特色菜','2018-12-28 20:29:39','2018-12-28 20:29:39'),(188,48,'特色菜','2018-12-28 21:05:21','2018-12-28 21:05:21'),(192,49,'特色菜','2018-12-28 21:10:08','2018-12-28 21:10:08'),(196,50,'特色菜','2018-12-28 21:14:06','2018-12-28 21:14:06'),(200,51,'特色菜','2018-12-28 21:23:19','2018-12-28 21:23:19'),(204,52,'特色菜','2018-12-28 21:26:58','2018-12-28 21:26:58'),(208,53,'特色菜','2018-12-28 21:29:32','2018-12-28 21:29:32'),(212,54,'特色菜','2018-12-28 21:31:44','2018-12-28 21:31:44'),(216,55,'特色菜','2018-12-28 21:36:20','2018-12-28 21:36:20'),(220,56,'特色菜','2018-12-28 21:41:01','2018-12-28 21:41:01'),(224,57,'特色菜','2018-12-28 21:45:35','2018-12-28 21:45:35'),(228,58,'特色菜','2018-12-28 21:49:11','2018-12-28 21:49:11'),(232,59,'特色菜','2018-12-28 21:51:49','2018-12-28 21:51:49'),(236,60,'特色菜','2018-12-28 21:53:58','2018-12-28 21:53:58'),(240,61,'特色菜','2018-12-28 21:56:47','2018-12-28 21:56:47'),(244,62,'特色菜','2018-12-28 22:00:14','2018-12-28 22:00:14'),(248,63,'特色菜','2018-12-28 22:01:40','2018-12-28 22:01:40'),(252,64,'柳橙汁','2018-12-28 22:04:10','2018-12-28 22:04:10'),(253,65,'柠檬汁','2018-12-28 22:06:15','2018-12-28 22:06:15'),(254,66,'特调凤梨果汁','2019-01-05 23:09:52','2019-01-05 23:09:52'),(259,67,'特调百香果汁','2019-01-05 23:13:11','2019-01-05 23:13:11'),(260,68,'特色菜','2019-01-17 15:39:17','2019-01-17 15:39:17'),(264,69,'特色菜','2019-01-17 15:42:29','2019-01-17 15:42:29'),(268,70,'特色菜','2019-01-17 15:46:56','2019-01-17 15:46:56'),(272,71,'红豆味奶茶','2019-01-17 15:51:25','2019-01-17 15:51:25'),(274,72,'香草味奶茶','2019-01-17 15:55:34','2019-01-17 15:55:34'),(275,73,'特色菜','2019-01-17 15:59:55','2019-01-17 15:59:55'),(279,74,'特色菜','2019-01-17 16:02:03','2019-01-17 16:02:03'),(287,75,'香芋奶茶','2019-01-17 16:05:42','2019-01-17 16:05:42'),(288,76,'香芋地瓜丸','2019-01-17 16:24:22','2019-01-17 16:24:22'),(289,77,'盐酥杏鲍菇','2019-01-17 16:27:01','2019-01-17 16:27:01'),(290,78,'至珍全虾堡','2019-01-17 16:34:41','2019-01-17 16:34:41'),(291,79,'主食','2019-01-17 17:01:23','2019-01-17 17:01:52'),(292,79,'配菜2选1','2019-01-17 17:01:23','2019-01-17 17:01:23'),(293,79,'饮料3选1','2019-01-17 17:01:24','2019-01-17 17:11:29'),(294,79,'其他','2019-01-17 17:01:24','2019-01-17 17:01:24'),(295,80,'主食','2019-01-17 17:40:23','2019-01-17 17:40:34'),(296,80,'配菜4选1','2019-01-17 17:40:23','2019-01-17 17:41:41'),(297,80,'饮料3选1','2019-01-17 17:40:23','2019-01-17 17:44:06'),(298,80,'其他','2019-01-17 17:40:23','2019-01-17 17:40:23'),(299,81,'主食','2019-01-17 18:02:25','2019-01-17 22:31:57'),(300,81,'配菜6选2','2019-01-17 18:02:25','2019-01-17 21:57:07'),(301,81,'饮料3选2','2019-01-17 18:02:26','2019-01-17 18:20:52'),(302,81,'其他','2019-01-17 18:02:26','2019-01-17 18:02:26'),(303,81,'赠品2选1','2019-01-17 21:55:35','2019-01-17 21:59:33'),(304,82,'主食','2019-01-17 22:09:55','2019-01-17 22:10:08'),(305,82,'配菜','2019-01-17 22:09:55','2019-01-17 22:14:40'),(306,82,'饮料','2019-01-17 22:09:55','2019-01-17 22:15:15'),(307,82,'其他','2019-01-17 22:09:55','2019-01-17 22:09:55'),(308,83,'主食','2019-01-17 22:38:40','2019-01-17 22:38:46'),(309,83,'配菜','2019-01-17 22:38:40','2019-01-17 22:46:50'),(310,83,'饮料','2019-01-17 22:38:40','2019-01-17 22:48:33'),(311,83,'其他','2019-01-17 22:38:40','2019-01-17 22:38:40'),(312,83,'赠品','2019-01-17 23:08:09','2019-01-17 23:08:09'),(314,84,'主食','2019-01-17 23:13:37','2019-01-17 23:13:43'),(316,84,'饮料3选1','2019-01-17 23:13:37','2019-01-17 23:15:07'),(317,84,'其他','2019-01-17 23:13:38','2019-01-17 23:13:38'),(318,85,'主食','2019-01-18 09:50:59','2019-01-18 09:51:11'),(320,85,'饮料3选1','2019-01-18 09:51:00','2019-01-18 09:52:28'),(321,85,'其他','2019-01-18 09:51:00','2019-01-18 09:51:00');

/*Data for the table `px_goods_packages_image` */

insert  into `px_goods_packages_image`(`image_id`,`goods_id`,`image`,`gmt_created`,`gmt_modified`) values (1,1,'string','2018-08-01 13:48:35','2018-08-01 13:48:35'),(2,1,'string','2018-08-01 13:50:11','2018-08-01 13:50:11'),(3,1,'string','2018-08-01 14:37:38','2018-08-01 14:37:38'),(13,16,'1533380377869.jpg','2018-08-04 18:59:37','2018-08-04 18:59:37'),(14,16,'1533380381482.jpg','2018-08-04 18:59:41','2018-08-04 18:59:41'),(15,17,'1533442273841.jpg','2018-08-05 12:11:14','2018-08-05 12:11:14'),(16,17,'1533442277855.jpg','2018-08-05 12:11:18','2018-08-05 12:11:18'),(17,20,'1533442699362.jpg','2018-08-05 12:18:19','2018-08-05 12:18:19'),(18,20,'1533442703508.jpg','2018-08-05 12:18:24','2018-08-05 12:18:24'),(20,25,'1533800858346.jpg','2018-08-09 15:47:40','2018-08-09 15:47:40'),(21,25,'1533800886604.jpg','2018-08-09 15:48:09','2018-08-09 15:48:09'),(23,26,'1533805715477.jpg','2018-08-09 17:08:37','2018-08-09 17:08:37'),(24,26,'1533806319101.jpg','2018-08-09 17:18:41','2018-08-09 17:18:41'),(25,27,'1533820786789.jpg','2018-08-09 21:19:49','2018-08-09 21:19:49'),(26,27,'1533820792751.jpg','2018-08-09 21:19:55','2018-08-09 21:19:55'),(27,21,'1533876547485.jpg','2018-08-10 12:49:07','2018-08-10 12:49:07'),(28,21,'1533876551190.jpg','2018-08-10 12:49:10','2018-08-10 12:49:10'),(29,22,'1533877706074.jpg','2018-08-10 13:08:25','2018-08-10 13:08:25'),(30,22,'1533877708998.jpg','2018-08-10 13:08:28','2018-08-10 13:08:28'),(31,29,'1533879741628.jpg','2018-08-10 13:42:21','2018-08-10 13:42:21'),(32,29,'1533879744799.jpg','2018-08-10 13:42:24','2018-08-10 13:42:24'),(33,32,'1534497874210.jpg','2018-08-17 17:25:00','2018-08-17 17:25:00'),(34,32,'1534497914716.jpg','2018-08-17 17:25:15','2018-08-17 17:25:15'),(35,33,'1534499549447.jpg','2018-08-17 17:52:30','2018-08-17 17:52:30'),(36,33,'1534499564362.jpg','2018-08-17 17:52:45','2018-08-17 17:52:45'),(37,34,'1534499772226.jpg','2018-08-17 17:56:13','2018-08-17 17:56:13'),(38,34,'1534499777779.jpg','2018-08-17 17:56:18','2018-08-17 17:56:18'),(39,35,'1534574670705.jpg','2018-08-18 14:44:30','2018-08-18 14:44:30'),(40,35,'1534574676625.jpg','2018-08-18 14:44:36','2018-08-18 14:44:36'),(41,36,'1534574871299.jpg','2018-08-18 14:47:51','2018-08-18 14:47:51'),(42,36,'1534574876366.jpg','2018-08-18 14:47:56','2018-08-18 14:47:56'),(43,37,'1534575026915.jpg','2018-08-18 14:50:26','2018-08-18 14:50:26'),(44,37,'1534575038947.jpg','2018-08-18 14:50:38','2018-08-18 14:50:38'),(45,38,'1534600495401.jpg','2018-08-18 21:54:55','2018-08-18 21:54:55'),(46,38,'1534600502656.jpg','2018-08-18 21:55:02','2018-08-18 21:55:02'),(47,39,'1534651179761.jpg','2018-08-19 11:59:41','2018-08-19 11:59:41'),(48,39,'1534651184093.jpg','2018-08-19 11:59:45','2018-08-19 11:59:45'),(49,41,'1534766763703.jpg','2018-08-20 20:06:04','2018-08-20 20:06:04'),(50,41,'1534766769890.jpg','2018-08-20 20:06:10','2018-08-20 20:06:10'),(51,43,'1545986321260.jpg','2018-12-28 16:38:42','2018-12-28 16:38:42'),(52,43,'1545986328795.jpg','2018-12-28 16:38:50','2018-12-28 16:38:50'),(53,44,'1545987190470.jpg','2018-12-28 16:53:12','2018-12-28 16:53:12'),(54,44,'1545987208799.jpg','2018-12-28 16:53:30','2018-12-28 16:53:30'),(55,45,'1545987675754.jpg','2018-12-28 17:01:17','2018-12-28 17:01:17'),(56,45,'1545987680770.jpg','2018-12-28 17:01:22','2018-12-28 17:01:22'),(57,46,'1545987817798.jpg','2018-12-28 17:03:39','2018-12-28 17:03:39'),(58,46,'1545987826183.jpg','2018-12-28 17:03:47','2018-12-28 17:03:47'),(59,47,'1546000252050.jpg','2018-12-28 20:30:53','2018-12-28 20:30:53'),(60,47,'1546000261040.jpg','2018-12-28 20:31:02','2018-12-28 20:31:02'),(62,48,'1546002454144.jpg','2018-12-28 21:07:34','2018-12-28 21:07:34'),(63,48,'1546002478750.jpg','2018-12-28 21:07:58','2018-12-28 21:07:58'),(64,49,'1546002659827.jpg','2018-12-28 21:10:59','2018-12-28 21:10:59'),(65,49,'1546002667995.jpg','2018-12-28 21:11:08','2018-12-28 21:11:08'),(66,50,'1546002901646.jpg','2018-12-28 21:15:01','2018-12-28 21:15:01'),(67,50,'1546002910504.jpg','2018-12-28 21:15:10','2018-12-28 21:15:10'),(68,51,'1546003457150.jpg','2018-12-28 21:24:17','2018-12-28 21:24:17'),(69,51,'1546003470445.jpg','2018-12-28 21:24:30','2018-12-28 21:24:30'),(70,52,'1546003598241.jpg','2018-12-28 21:26:38','2018-12-28 21:26:38'),(71,52,'1546003605746.jpg','2018-12-28 21:26:45','2018-12-28 21:26:45'),(72,53,'1546003753072.jpg','2018-12-28 21:29:13','2018-12-28 21:29:13'),(73,53,'1546003760203.jpg','2018-12-28 21:29:20','2018-12-28 21:29:20'),(74,54,'1546004067232.jpg','2018-12-28 21:34:27','2018-12-28 21:34:27'),(75,54,'1546004078700.jpg','2018-12-28 21:34:38','2018-12-28 21:34:38'),(76,55,'1546004225275.jpg','2018-12-28 21:37:05','2018-12-28 21:37:05'),(77,55,'1546004236635.jpg','2018-12-28 21:37:16','2018-12-28 21:37:16'),(78,56,'1546004523079.jpg','2018-12-28 21:42:03','2018-12-28 21:42:03'),(79,56,'1546004530829.jpg','2018-12-28 21:42:10','2018-12-28 21:42:10'),(80,57,'1546004783492.jpg','2018-12-28 21:46:23','2018-12-28 21:46:23'),(81,57,'1546004794525.jpg','2018-12-28 21:46:34','2018-12-28 21:46:34'),(82,58,'1546004988139.jpg','2018-12-28 21:49:48','2018-12-28 21:49:48'),(83,58,'1546004995066.jpg','2018-12-28 21:49:55','2018-12-28 21:49:55'),(84,59,'1546005163122.jpg','2018-12-28 21:52:43','2018-12-28 21:52:43'),(85,59,'1546005171924.jpg','2018-12-28 21:52:51','2018-12-28 21:52:51'),(86,60,'1546005275755.jpg','2018-12-28 21:54:35','2018-12-28 21:54:35'),(87,60,'1546005281979.jpg','2018-12-28 21:54:41','2018-12-28 21:54:41'),(88,61,'1546005446624.jpg','2018-12-28 21:57:26','2018-12-28 21:57:26'),(89,61,'1546005453773.jpg','2018-12-28 21:57:33','2018-12-28 21:57:33'),(90,62,'1546005583664.jpg','2018-12-28 21:59:43','2018-12-28 21:59:43'),(91,62,'1546005591317.jpg','2018-12-28 21:59:51','2018-12-28 21:59:51'),(93,63,'1546005761714.jpg','2018-12-28 22:02:41','2018-12-28 22:02:41'),(94,64,'1546005892088.jpg','2018-12-28 22:04:52','2018-12-28 22:04:52'),(95,64,'1546005898042.jpg','2018-12-28 22:04:58','2018-12-28 22:04:58'),(96,65,'1546006002725.jpg','2018-12-28 22:06:42','2018-12-28 22:06:42'),(97,65,'1546006011322.jpg','2018-12-28 22:06:51','2018-12-28 22:06:51'),(98,66,'1546701057918.jpg','2019-01-05 23:10:57','2019-01-05 23:10:57'),(99,66,'1546701065314.jpg','2019-01-05 23:11:05','2019-01-05 23:11:05'),(100,67,'1546701235427.jpg','2019-01-05 23:13:55','2019-01-05 23:13:55'),(101,67,'1546701276390.jpg','2019-01-05 23:14:36','2019-01-05 23:14:36'),(103,63,'1547708949983.jpg','2019-01-17 15:09:11','2019-01-17 15:09:11'),(104,68,'1547710737888.jpg','2019-01-17 15:39:00','2019-01-17 15:39:00'),(105,68,'1547710745270.jpg','2019-01-17 15:39:06','2019-01-17 15:39:06'),(106,69,'1547711073938.jpg','2019-01-17 15:44:35','2019-01-17 15:44:35'),(107,69,'1547711079761.jpg','2019-01-17 15:44:41','2019-01-17 15:44:41'),(108,70,'1547711291589.jpg','2019-01-17 15:48:13','2019-01-17 15:48:13'),(109,70,'1547711295937.jpg','2019-01-17 15:48:17','2019-01-17 15:48:17'),(110,72,'1547711824598.jpg','2019-01-17 15:57:06','2019-01-17 15:57:06'),(111,72,'1547711831267.jpg','2019-01-17 15:57:12','2019-01-17 15:57:12'),(112,73,'1547711935853.jpg','2019-01-17 15:58:57','2019-01-17 15:58:57'),(113,73,'1547711941705.jpg','2019-01-17 15:59:04','2019-01-17 15:59:04'),(115,74,'1547712082984.jpg','2019-01-17 16:01:24','2019-01-17 16:01:24'),(116,74,'1547712088549.jpg','2019-01-17 16:01:29','2019-01-17 16:01:29'),(117,75,'1547712388391.jpg','2019-01-17 16:06:29','2019-01-17 16:06:29'),(118,75,'1547712394082.jpg','2019-01-17 16:06:35','2019-01-17 16:06:35'),(121,76,'1547713324417.jpg','2019-01-17 16:22:05','2019-01-17 16:22:05'),(122,76,'1547713332382.jpg','2019-01-17 16:22:13','2019-01-17 16:22:13'),(123,77,'1547713825353.jpg','2019-01-17 16:30:26','2019-01-17 16:30:26'),(124,77,'1547713832859.jpg','2019-01-17 16:30:34','2019-01-17 16:30:34'),(125,78,'1547714111886.jpg','2019-01-17 16:35:13','2019-01-17 16:35:13'),(126,78,'1547714119528.jpg','2019-01-17 16:35:20','2019-01-17 16:35:20'),(127,79,'1547715654383.jpg','2019-01-17 17:00:55','2019-01-17 17:00:55'),(128,79,'1547715661961.jpg','2019-01-17 17:01:03','2019-01-17 17:01:03'),(129,80,'1547718002136.jpg','2019-01-17 17:40:03','2019-01-17 17:40:03'),(130,80,'1547718011267.jpg','2019-01-17 17:40:12','2019-01-17 17:40:12'),(131,71,'1547718691653.jpg','2019-01-17 17:51:33','2019-01-17 17:51:33'),(132,71,'1547718697271.jpg','2019-01-17 17:51:38','2019-01-17 17:51:38'),(133,81,'1547719278199.jpg','2019-01-17 18:01:19','2019-01-17 18:01:19'),(134,81,'1547719283311.jpg','2019-01-17 18:01:24','2019-01-17 18:01:24'),(135,82,'1547734149244.jpg','2019-01-17 22:09:10','2019-01-17 22:09:10'),(136,82,'1547734153094.jpg','2019-01-17 22:09:14','2019-01-17 22:09:14'),(137,83,'1547735872561.jpg','2019-01-17 22:37:53','2019-01-17 22:37:53'),(138,83,'1547735884575.jpg','2019-01-17 22:38:05','2019-01-17 22:38:05'),(139,84,'1547737612248.jpg','2019-01-17 23:06:53','2019-01-17 23:06:53'),(140,84,'1547737620380.jpg','2019-01-17 23:07:01','2019-01-17 23:07:01'),(141,85,'1547738340407.jpg','2019-01-17 23:19:01','2019-01-17 23:19:01'),(142,85,'1547738350226.jpg','2019-01-17 23:19:11','2019-01-17 23:19:11');

/*Data for the table `px_goods_packages_notice` */

insert  into `px_goods_packages_notice`(`packages_notice_id`,`goods_id`,`packages_notice_name`,`gmt_created`,`gmt_modified`) values (1,1,'string','2018-08-05 23:45:09','2018-08-05 23:45:09'),(2,1,'string','2018-08-05 23:45:32','2018-08-05 23:45:32'),(3,1,'string','2018-08-05 23:45:33','2018-08-05 23:45:33'),(5,1,'test','2018-08-05 23:45:35','2018-08-05 23:47:02'),(6,17,'有效期','2018-08-06 10:27:14','2018-08-06 10:34:10'),(9,17,'使用规则','2018-08-06 10:34:45','2018-08-06 12:22:25'),(10,17,'使用时间','2018-08-06 10:34:55','2018-08-06 12:22:19'),(11,16,'有效期','2018-08-06 14:33:59','2018-08-06 14:33:59'),(12,16,'使用时间','2018-08-06 14:34:08','2018-08-06 14:34:08'),(13,16,'使用规则','2018-08-06 14:34:15','2018-08-06 14:34:15'),(17,25,'有效期','2018-08-09 16:11:08','2018-08-09 16:11:08'),(18,25,'使用时间','2018-08-09 16:14:10','2018-08-09 16:14:10'),(19,25,'使用规则','2018-08-09 16:16:13','2018-08-09 16:16:13'),(20,26,'有效期','2018-08-09 17:09:43','2018-08-09 17:09:43'),(21,26,'使用时间','2018-08-09 17:11:38','2018-08-09 17:11:38'),(22,26,'使用规则','2018-08-09 17:13:21','2018-08-09 17:13:21'),(39,21,'有效期','2018-08-09 18:59:30','2018-08-09 18:59:30'),(40,21,'使用时间','2018-08-09 18:59:30','2018-08-09 18:59:30'),(41,21,'使用规则','2018-08-09 18:59:30','2018-08-09 18:59:30'),(48,22,'有效期','2018-08-09 20:47:59','2018-08-09 20:47:59'),(49,22,'使用时间','2018-08-09 20:48:00','2018-08-09 20:48:00'),(50,22,'使用规则','2018-08-09 20:48:00','2018-08-09 20:48:00'),(51,27,'有效期','2018-08-09 21:18:59','2018-08-09 21:18:59'),(52,27,'使用时间','2018-08-09 21:18:59','2018-08-09 21:18:59'),(53,27,'使用规则','2018-08-09 21:19:00','2018-08-09 21:19:00'),(54,29,'有效期','2018-08-10 13:42:29','2018-08-10 13:42:29'),(55,29,'使用时间','2018-08-10 13:42:29','2018-08-10 13:42:29'),(56,29,'使用规则','2018-08-10 13:42:30','2018-08-10 13:42:30'),(61,20,'使用时间','2018-08-10 17:24:24','2018-08-10 17:24:24'),(62,20,'使用规则','2018-08-10 17:24:24','2018-08-10 17:24:24'),(66,32,'有效期','2018-08-17 17:35:21','2018-08-17 17:35:21'),(67,32,'使用时间','2018-08-17 17:35:22','2018-08-17 17:35:22'),(68,32,'使用规则','2018-08-17 17:35:22','2018-08-17 17:35:22'),(69,33,'有效期','2018-08-17 17:52:52','2018-08-17 17:52:52'),(70,33,'使用时间','2018-08-17 17:52:52','2018-08-17 17:52:52'),(71,33,'使用规则','2018-08-17 17:52:52','2018-08-17 17:52:52'),(72,34,'有效期','2018-08-17 17:56:48','2018-08-17 17:56:48'),(73,34,'使用时间','2018-08-17 17:56:48','2018-08-17 17:56:48'),(74,34,'使用规则','2018-08-17 17:56:48','2018-08-17 17:56:48'),(75,35,'有效期','2018-08-18 14:44:45','2018-08-18 14:44:45'),(76,35,'使用时间','2018-08-18 14:44:45','2018-08-18 14:44:45'),(77,35,'使用规则','2018-08-18 14:44:46','2018-08-18 14:44:46'),(78,36,'有效期','2018-08-18 14:48:05','2018-08-18 14:48:05'),(79,36,'使用时间','2018-08-18 14:48:05','2018-08-18 14:48:05'),(80,36,'使用规则','2018-08-18 14:48:05','2018-08-18 14:48:05'),(81,37,'有效期','2018-08-18 14:50:47','2018-08-18 14:50:47'),(82,37,'使用时间','2018-08-18 14:50:47','2018-08-18 14:50:47'),(83,37,'使用规则','2018-08-18 14:50:47','2018-08-18 14:50:47'),(84,38,'有效期','2018-08-18 21:55:13','2018-08-18 21:55:13'),(85,38,'使用时间','2018-08-18 21:55:13','2018-08-18 21:55:13'),(86,38,'使用规则','2018-08-18 21:55:13','2018-08-18 21:55:13'),(87,39,'有效期','2018-08-19 11:59:52','2018-08-19 11:59:52'),(88,39,'使用时间','2018-08-19 11:59:53','2018-08-19 11:59:53'),(89,39,'使用规则','2018-08-19 11:59:53','2018-08-19 11:59:53'),(90,41,'有效期','2018-08-20 20:06:17','2018-08-20 20:06:17'),(91,41,'使用时间','2018-08-20 20:06:18','2018-08-20 20:06:18'),(92,41,'使用规则','2018-08-20 20:06:18','2018-08-20 20:06:18'),(93,43,'有效期','2018-12-28 16:38:59','2018-12-28 16:38:59'),(94,43,'使用时间','2018-12-28 16:38:59','2018-12-28 16:38:59'),(95,43,'使用规则','2018-12-28 16:38:59','2018-12-28 16:38:59'),(96,44,'有效期','2018-12-28 16:54:59','2018-12-28 16:54:59'),(97,44,'使用时间','2018-12-28 16:55:00','2018-12-28 16:55:00'),(98,44,'使用规则','2018-12-28 16:55:00','2018-12-28 16:55:00'),(99,45,'有效期','2018-12-28 17:01:28','2018-12-28 17:01:28'),(100,45,'使用时间','2018-12-28 17:01:28','2018-12-28 17:01:28'),(101,45,'使用规则','2018-12-28 17:01:28','2018-12-28 17:01:28'),(102,46,'有效期','2018-12-28 17:04:54','2018-12-28 17:04:54'),(103,46,'使用时间','2018-12-28 17:04:54','2018-12-28 17:04:54'),(104,46,'使用规则','2018-12-28 17:04:54','2018-12-28 17:04:54'),(105,47,'有效期','2018-12-28 20:31:55','2018-12-28 20:31:55'),(106,47,'使用时间','2018-12-28 20:31:55','2018-12-28 20:31:55'),(107,47,'使用规则','2018-12-28 20:31:55','2018-12-28 20:31:55'),(108,48,'有效期','2018-12-28 21:08:17','2018-12-28 21:08:17'),(109,48,'使用时间','2018-12-28 21:08:17','2018-12-28 21:08:17'),(110,48,'使用规则','2018-12-28 21:08:17','2018-12-28 21:08:17'),(111,49,'有效期','2018-12-28 21:11:18','2018-12-28 21:11:18'),(112,49,'使用时间','2018-12-28 21:11:18','2018-12-28 21:11:18'),(113,49,'使用规则','2018-12-28 21:11:18','2018-12-28 21:11:18'),(114,50,'有效期','2018-12-28 21:15:17','2018-12-28 21:15:17'),(115,50,'使用时间','2018-12-28 21:15:18','2018-12-28 21:15:18'),(116,50,'使用规则','2018-12-28 21:15:18','2018-12-28 21:15:18'),(117,51,'有效期','2018-12-28 21:24:40','2018-12-28 21:24:40'),(118,51,'使用时间','2018-12-28 21:24:40','2018-12-28 21:24:40'),(119,51,'使用规则','2018-12-28 21:24:40','2018-12-28 21:24:40'),(120,52,'有效期','2018-12-28 21:27:41','2018-12-28 21:27:41'),(121,52,'使用时间','2018-12-28 21:27:41','2018-12-28 21:27:41'),(122,52,'使用规则','2018-12-28 21:27:41','2018-12-28 21:27:41'),(123,53,'有效期','2018-12-28 21:30:21','2018-12-28 21:30:21'),(124,53,'使用时间','2018-12-28 21:30:21','2018-12-28 21:30:21'),(125,53,'使用规则','2018-12-28 21:30:21','2018-12-28 21:30:21'),(126,54,'有效期','2018-12-28 21:34:44','2018-12-28 21:34:44'),(127,54,'使用时间','2018-12-28 21:34:44','2018-12-28 21:34:44'),(128,54,'使用规则','2018-12-28 21:34:44','2018-12-28 21:34:44'),(129,55,'有效期','2018-12-28 21:37:24','2018-12-28 21:37:24'),(130,55,'使用时间','2018-12-28 21:37:24','2018-12-28 21:37:24'),(131,55,'使用规则','2018-12-28 21:37:25','2018-12-28 21:37:25'),(132,56,'有效期','2018-12-28 21:42:19','2018-12-28 21:42:19'),(133,56,'使用时间','2018-12-28 21:42:19','2018-12-28 21:42:19'),(134,56,'使用规则','2018-12-28 21:42:19','2018-12-28 21:42:19'),(135,57,'有效期','2018-12-28 21:46:41','2018-12-28 21:46:41'),(136,57,'使用时间','2018-12-28 21:46:41','2018-12-28 21:46:41'),(137,57,'使用规则','2018-12-28 21:46:41','2018-12-28 21:46:41'),(138,58,'有效期','2018-12-28 21:50:01','2018-12-28 21:50:01'),(139,58,'使用时间','2018-12-28 21:50:01','2018-12-28 21:50:01'),(140,58,'使用规则','2018-12-28 21:50:01','2018-12-28 21:50:01'),(141,59,'有效期','2018-12-28 21:52:59','2018-12-28 21:52:59'),(142,59,'使用时间','2018-12-28 21:52:59','2018-12-28 21:52:59'),(143,59,'使用规则','2018-12-28 21:53:00','2018-12-28 21:53:00'),(144,60,'有效期','2018-12-28 21:54:50','2018-12-28 21:54:50'),(145,60,'使用时间','2018-12-28 21:54:51','2018-12-28 21:54:51'),(146,60,'使用规则','2018-12-28 21:54:51','2018-12-28 21:54:51'),(147,61,'有效期','2018-12-28 21:57:39','2018-12-28 21:57:39'),(148,61,'使用时间','2018-12-28 21:57:39','2018-12-28 21:57:39'),(152,61,'使用规则','2018-12-28 21:57:50','2018-12-28 21:57:50'),(153,62,'有效期','2018-12-28 21:59:56','2018-12-28 21:59:56'),(154,62,'使用时间','2018-12-28 21:59:56','2018-12-28 21:59:56'),(155,62,'使用规则','2018-12-28 21:59:57','2018-12-28 21:59:57'),(156,63,'有效期','2018-12-28 22:02:47','2018-12-28 22:02:47'),(157,63,'使用时间','2018-12-28 22:02:47','2018-12-28 22:02:47'),(158,63,'使用规则','2018-12-28 22:02:47','2018-12-28 22:02:47'),(159,64,'有效期','2018-12-28 22:05:03','2018-12-28 22:05:03'),(160,64,'使用时间','2018-12-28 22:05:03','2018-12-28 22:05:03'),(161,64,'使用规则','2018-12-28 22:05:03','2018-12-28 22:05:03'),(162,65,'有效期','2018-12-28 22:06:58','2018-12-28 22:06:58'),(163,65,'使用时间','2018-12-28 22:06:58','2018-12-28 22:06:58'),(164,65,'使用规则','2018-12-28 22:06:58','2018-12-28 22:06:58'),(165,66,'有效期','2019-01-05 23:11:12','2019-01-05 23:11:12'),(166,66,'使用时间','2019-01-05 23:11:12','2019-01-05 23:11:12'),(167,66,'使用规则','2019-01-05 23:11:12','2019-01-05 23:11:12'),(168,67,'有效期','2019-01-05 23:14:45','2019-01-05 23:14:45'),(169,67,'使用时间','2019-01-05 23:14:45','2019-01-05 23:14:45'),(170,67,'使用规则','2019-01-05 23:14:45','2019-01-05 23:14:45'),(171,68,'有效期','2019-01-17 15:40:02','2019-01-17 15:40:02'),(172,68,'使用时间','2019-01-17 15:40:02','2019-01-17 15:40:02'),(173,68,'使用规则','2019-01-17 15:40:02','2019-01-17 15:40:02'),(174,69,'有效期','2019-01-17 15:44:48','2019-01-17 15:44:48'),(175,69,'使用时间','2019-01-17 15:44:48','2019-01-17 15:44:48'),(176,69,'使用规则','2019-01-17 15:44:49','2019-01-17 15:44:49'),(177,70,'有效期','2019-01-17 15:48:25','2019-01-17 15:48:25'),(178,70,'使用时间','2019-01-17 15:48:25','2019-01-17 15:48:25'),(179,70,'使用规则','2019-01-17 15:48:25','2019-01-17 15:48:25'),(180,72,'有效期','2019-01-17 15:57:19','2019-01-17 15:57:19'),(181,72,'使用时间','2019-01-17 15:57:19','2019-01-17 15:57:19'),(182,72,'使用规则','2019-01-17 15:57:19','2019-01-17 15:57:19'),(183,73,'有效期','2019-01-17 15:59:21','2019-01-17 15:59:21'),(184,73,'使用时间','2019-01-17 15:59:21','2019-01-17 15:59:21'),(185,73,'使用规则','2019-01-17 15:59:21','2019-01-17 15:59:21'),(186,74,'有效期','2019-01-17 16:01:41','2019-01-17 16:01:41'),(187,74,'使用时间','2019-01-17 16:01:41','2019-01-17 16:01:41'),(188,74,'使用规则','2019-01-17 16:01:41','2019-01-17 16:01:41'),(189,75,'有效期','2019-01-17 16:06:45','2019-01-17 16:06:45'),(190,75,'使用时间','2019-01-17 16:06:45','2019-01-17 16:06:45'),(191,75,'使用规则','2019-01-17 16:06:45','2019-01-17 16:06:45'),(192,76,'有效期','2019-01-17 16:25:19','2019-01-17 16:25:19'),(193,76,'使用时间','2019-01-17 16:25:19','2019-01-17 16:25:19'),(194,76,'使用规则','2019-01-17 16:25:19','2019-01-17 16:25:19'),(195,77,'有效期','2019-01-17 16:30:42','2019-01-17 16:30:42'),(196,77,'使用时间','2019-01-17 16:30:42','2019-01-17 16:30:42'),(197,77,'使用规则','2019-01-17 16:30:43','2019-01-17 16:30:43'),(198,78,'有效期','2019-01-17 16:35:32','2019-01-17 16:35:32'),(199,78,'使用时间','2019-01-17 16:35:32','2019-01-17 16:35:32'),(200,78,'使用规则','2019-01-17 16:35:33','2019-01-17 16:35:33'),(201,79,'有效期','2019-01-17 17:01:11','2019-01-17 17:01:11'),(202,79,'使用时间','2019-01-17 17:01:12','2019-01-17 17:01:12'),(203,79,'使用规则','2019-01-17 17:01:12','2019-01-17 17:01:12'),(204,80,'有效期','2019-01-17 17:45:46','2019-01-17 17:45:46'),(205,80,'使用时间','2019-01-17 17:45:47','2019-01-17 17:45:47'),(206,80,'使用规则','2019-01-17 17:45:47','2019-01-17 17:45:47'),(207,71,'有效期','2019-01-17 17:51:56','2019-01-17 17:51:56'),(208,71,'使用时间','2019-01-17 17:51:56','2019-01-17 17:51:56'),(209,71,'使用规则','2019-01-17 17:51:56','2019-01-17 17:51:56'),(210,81,'有效期','2019-01-17 18:02:15','2019-01-17 18:02:15'),(211,81,'使用时间','2019-01-17 18:02:15','2019-01-17 18:02:15'),(212,81,'使用规则','2019-01-17 18:02:15','2019-01-17 18:02:15'),(213,82,'有效期','2019-01-17 22:09:21','2019-01-17 22:09:21'),(214,82,'使用时间','2019-01-17 22:09:21','2019-01-17 22:09:21'),(215,82,'使用规则','2019-01-17 22:09:22','2019-01-17 22:09:22'),(216,83,'有效期','2019-01-17 22:38:25','2019-01-17 22:38:25'),(217,83,'使用时间','2019-01-17 22:38:26','2019-01-17 22:38:26'),(218,83,'使用规则','2019-01-17 22:38:26','2019-01-17 22:38:26'),(219,84,'有效期','2019-01-17 23:07:11','2019-01-17 23:07:11'),(220,84,'使用时间','2019-01-17 23:07:12','2019-01-17 23:07:12'),(221,84,'使用规则','2019-01-17 23:07:12','2019-01-17 23:07:12'),(222,85,'有效期','2019-01-17 23:19:20','2019-01-17 23:19:20'),(223,85,'使用时间','2019-01-17 23:19:21','2019-01-17 23:19:21'),(224,85,'使用规则','2019-01-17 23:19:21','2019-01-17 23:19:21');

/*Data for the table `px_packages_sub_notice` */

insert  into `px_packages_sub_notice`(`packages_sub_notice_id`,`packages_notice_id`,`sub_notice_detail`,`gmt_created`,`gmt_modified`) values (1,5,'string','2018-08-05 23:48:45','2018-08-05 23:48:45'),(2,5,'string','2018-08-05 23:48:58','2018-08-05 23:48:58'),(3,5,'string','2018-08-05 23:48:58','2018-08-05 23:48:58'),(5,5,'4444444444','2018-08-05 23:48:58','2018-08-05 23:49:43'),(10,6,'2017.5.13 至 2017.6.6 （周末、法定节假日通用）','2018-08-06 14:19:53','2018-08-06 14:19:53'),(11,10,'11:00-21:30','2018-08-06 14:20:05','2018-08-06 14:20:05'),(12,9,'无需预约，消费高峰时可能需要等位','2018-08-06 14:20:19','2018-08-06 14:20:19'),(13,9,'每单限最多使用一张优惠券','2018-08-06 14:20:27','2018-08-06 14:20:27'),(14,9,'餐巾纸费: 本套餐已含餐巾纸','2018-08-06 14:20:40','2018-08-06 14:20:40'),(15,9,'不可使用包间','2018-08-06 14:20:50','2018-08-06 14:20:50'),(16,9,'仅限堂食，不提供餐前外带，餐毕未吃完可打包，打包费详情咨询商家','2018-08-06 14:21:01','2018-08-06 14:21:01'),(17,9,'团购用户不可享受商家其他优惠','2018-08-06 14:21:12','2018-08-06 14:21:12'),(18,9,'酒水饮料等问题，请致电商家咨询，以商家反馈为准','2018-08-06 14:21:23','2018-08-06 14:21:23'),(19,9,'因部分菜品因时令或其他不可抗因素导致无法提供，店内会用等价菜品替换，具体事宜请与店内协商','2018-08-06 14:21:33','2018-08-06 14:21:33'),(20,9,'提供免费wifi','2018-08-06 14:21:46','2018-08-06 14:21:46'),(22,9,'停车位等事宜请咨询商家','2018-08-06 14:25:12','2018-08-06 14:25:12'),(23,11,'2017.5.13 至 2017.6.6 （周末、法定节假日通用）','2018-08-06 14:34:24','2018-08-06 14:34:24'),(24,12,'11:00-21:30','2018-08-06 14:34:37','2018-08-06 14:34:37'),(25,13,'无需预约，消费高峰时可能需要等位','2018-08-06 14:34:50','2018-08-06 14:34:50'),(26,13,'每单限最多使用一张优惠券','2018-08-06 14:35:28','2018-08-06 14:35:28'),(27,13,'餐巾纸费: 本套餐已含餐巾纸','2018-08-06 14:35:35','2018-08-06 14:35:35'),(29,13,'仅限堂食，不提供餐前外带，餐毕未吃完可打包，打包费详情咨询商家','2018-08-06 14:35:49','2018-08-06 14:35:49'),(30,13,'团购用户不可享受商家其他优惠','2018-08-06 14:35:57','2018-08-06 14:35:57'),(31,13,'酒水饮料等问题，请致电商家咨询，以商家反馈为准','2018-08-06 14:36:05','2018-08-06 14:36:05'),(32,13,'因部分菜品因时令或其他不可抗因素导致无法提供，店内会用等价菜品替换，具体事宜请与店内协商','2018-08-06 14:36:13','2018-08-06 14:36:13'),(33,13,'提供免费wifi','2018-08-06 14:36:19','2018-08-06 14:36:19'),(34,13,'停车位等事宜请咨询商家','2018-08-06 14:36:31','2018-08-06 14:36:31'),(42,17,'2018.8.9    至   2019.9.9    （周末、法定节假日通用）','2018-08-09 16:13:05','2018-08-09 16:13:05'),(43,18,'8:00~21:00','2018-08-09 16:15:25','2018-08-09 16:15:25'),(44,19,'无需预约，消费高峰时可能需要等位','2018-08-09 16:16:48','2018-08-09 16:16:48'),(45,19,'每单限最多使用一张优惠券','2018-08-09 16:17:07','2018-08-09 16:17:07'),(46,19,'餐巾纸费: 本套餐已含餐巾纸','2018-08-09 16:17:21','2018-08-09 16:17:21'),(47,19,'仅限堂食，不提供餐前外带，餐毕未吃完可打包，打包费详情咨询商家','2018-08-09 16:17:34','2018-08-09 16:17:34'),(48,19,'团购用户不可享受商家其他优惠','2018-08-09 16:17:47','2018-08-09 16:17:47'),(49,19,'酒水饮料等问题，请致电商家咨询，以商家反馈为准','2018-08-09 16:18:01','2018-08-09 16:18:01'),(50,19,'因部分菜品因时令或其他不可抗因素导致无法提供，店内会用等价菜品替换，具体事宜请与店内协商','2018-08-09 16:18:21','2018-08-09 16:18:21'),(51,19,'提供免费wifi','2018-08-09 16:18:31','2018-08-09 16:18:31'),(52,19,'停车位等事宜请咨询商家','2018-08-09 16:18:44','2018-08-09 16:18:44'),(53,20,'2018.8.8  至  2019.9.9（周末、法定节假日通用）','2018-08-09 17:11:22','2018-08-09 17:11:22'),(54,21,'早上8:00~晚上21:00','2018-08-09 17:12:46','2018-08-09 17:12:46'),(55,22,'无需预约，消费高峰时可能需要等位','2018-08-09 17:14:05','2018-08-09 17:14:05'),(56,22,'每单限最多使用一张优惠券','2018-08-09 17:14:17','2018-08-09 17:14:17'),(57,22,'餐巾纸费: 本套餐已含餐巾纸','2018-08-09 17:14:27','2018-08-09 17:14:27'),(58,22,'仅限堂食，不提供餐前外带，餐毕未吃完可打包，打包费详情咨询商家','2018-08-09 17:14:42','2018-08-09 17:14:42'),(59,22,'团购用户不可享受商家其他优惠','2018-08-09 17:14:55','2018-08-09 17:14:55'),(60,22,'酒水饮料等问题，请致电商家咨询，以商家反馈为准','2018-08-09 17:15:07','2018-08-09 17:15:07'),(61,22,'因部分菜品因时令或其他不可抗因素导致无法提供，店内会用等价菜品替换，具体事宜请与店内协商','2018-08-09 17:15:20','2018-08-09 17:15:20'),(62,22,'提供免费wifi','2018-08-09 17:16:01','2018-08-09 17:16:01'),(63,22,'停车位等事宜请咨询商家','2018-08-09 17:16:10','2018-08-09 17:16:10'),(86,39,'2018.8.8 至 2019.9.9（周末、法定节假日通用）','2018-08-09 18:59:30','2018-08-09 18:59:30'),(87,40,'早上8:00~晚上21:00','2018-08-09 18:59:30','2018-08-09 18:59:30'),(88,41,'每单限最多使用一张优惠券','2018-08-09 18:59:30','2018-08-09 18:59:30'),(89,41,'无需预约，消费高峰时可能需要等位','2018-08-09 18:59:30','2018-08-09 18:59:30'),(90,41,'餐巾纸费: 本套餐已含餐巾纸','2018-08-09 18:59:30','2018-08-09 18:59:30'),(91,41,'仅限堂食，不提供餐前外带，餐毕未吃完可打包，打包费详情咨询商家','2018-08-09 18:59:30','2018-08-09 18:59:30'),(92,41,'团购用户不可享受商家其他优惠','2018-08-09 18:59:30','2018-08-09 18:59:30'),(93,41,'酒水饮料等问题，请致电商家咨询，以商家反馈为准','2018-08-09 18:59:30','2018-08-09 18:59:30'),(94,41,'因部分菜品因时令或其他不可抗因素导致无法提供，店内会用等价菜品替换，具体事宜请与店内协商','2018-08-09 18:59:30','2018-08-09 18:59:30'),(95,41,'停车位等事宜请咨询商家','2018-08-09 18:59:30','2018-08-09 18:59:30'),(96,41,'提供免费wifi','2018-08-09 18:59:30','2018-08-09 18:59:30'),(119,48,'2018.8.8 至 2019.9.9（周末、法定节假日通用）','2018-08-09 20:48:00','2018-08-09 20:48:00'),(120,49,'早上8:00~晚上21:00','2018-08-09 20:48:00','2018-08-09 20:48:00'),(121,50,'无需预约，消费高峰时可能需要等位','2018-08-09 20:48:00','2018-08-09 20:48:00'),(122,50,'每单限最多使用一张优惠券','2018-08-09 20:48:00','2018-08-09 20:48:00'),(123,50,'餐巾纸费: 本套餐已含餐巾纸','2018-08-09 20:48:00','2018-08-09 20:48:00'),(124,50,'仅限堂食，不提供餐前外带，餐毕未吃完可打包，打包费详情咨询商家','2018-08-09 20:48:01','2018-08-09 20:48:01'),(125,50,'团购用户不可享受商家其他优惠','2018-08-09 20:48:01','2018-08-09 20:48:01'),(126,50,'酒水饮料等问题，请致电商家咨询，以商家反馈为准','2018-08-09 20:48:01','2018-08-09 20:48:01'),(127,50,'因部分菜品因时令或其他不可抗因素导致无法提供，店内会用等价菜品替换，具体事宜请与店内协商','2018-08-09 20:48:01','2018-08-09 20:48:01'),(128,50,'提供免费wifi','2018-08-09 20:48:01','2018-08-09 20:48:01'),(129,50,'停车位等事宜请咨询商家','2018-08-09 20:48:02','2018-08-09 20:48:02'),(130,51,'2018.8.8 至 2019.9.9（周末、法定节假日通用）','2018-08-09 21:18:59','2018-08-09 21:18:59'),(131,52,'早上8:00~晚上21:00','2018-08-09 21:19:00','2018-08-09 21:19:00'),(132,53,'无需预约，消费高峰时可能需要等位','2018-08-09 21:19:00','2018-08-09 21:19:00'),(133,53,'每单限最多使用一张优惠券','2018-08-09 21:19:00','2018-08-09 21:19:00'),(134,53,'餐巾纸费: 本套餐已含餐巾纸','2018-08-09 21:19:00','2018-08-09 21:19:00'),(135,53,'仅限堂食，不提供餐前外带，餐毕未吃完可打包，打包费详情咨询商家','2018-08-09 21:19:00','2018-08-09 21:19:00'),(136,53,'团购用户不可享受商家其他优惠','2018-08-09 21:19:01','2018-08-09 21:19:01'),(137,53,'酒水饮料等问题，请致电商家咨询，以商家反馈为准','2018-08-09 21:19:01','2018-08-09 21:19:01'),(138,53,'因部分菜品因时令或其他不可抗因素导致无法提供，店内会用等价菜品替换，具体事宜请与店内协商','2018-08-09 21:19:01','2018-08-09 21:19:01'),(139,53,'提供免费wifi','2018-08-09 21:19:01','2018-08-09 21:19:01'),(140,53,'停车位等事宜请咨询商家','2018-08-09 21:19:01','2018-08-09 21:19:01'),(141,54,'2018.8.8 至 2019.9.9（周末、法定节假日通用）','2018-08-10 13:42:29','2018-08-10 13:42:29'),(142,55,'早上8:00~晚上21:00','2018-08-10 13:42:30','2018-08-10 13:42:30'),(143,56,'无需预约，消费高峰时可能需要等位','2018-08-10 13:42:30','2018-08-10 13:42:30'),(144,56,'每单限最多使用一张优惠券','2018-08-10 13:42:30','2018-08-10 13:42:30'),(145,56,'餐巾纸费: 本套餐已含餐巾纸','2018-08-10 13:42:30','2018-08-10 13:42:30'),(146,56,'仅限堂食，不提供餐前外带，餐毕未吃完可打包，打包费详情咨询商家','2018-08-10 13:42:30','2018-08-10 13:42:30'),(147,56,'团购用户不可享受商家其他优惠','2018-08-10 13:42:31','2018-08-10 13:42:31'),(148,56,'酒水饮料等问题，请致电商家咨询，以商家反馈为准','2018-08-10 13:42:31','2018-08-10 13:42:31'),(149,56,'提供免费wifi','2018-08-10 13:42:31','2018-08-10 13:42:31'),(150,56,'因部分菜品因时令或其他不可抗因素导致无法提供，店内会用等价菜品替换，具体事宜请与店内协商','2018-08-10 13:42:31','2018-08-10 13:42:31'),(151,56,'停车位等事宜请咨询商家','2018-08-10 13:42:31','2018-08-10 13:42:31'),(164,61,'早上8:00~晚上21:00','2018-08-10 17:24:24','2018-08-10 17:24:24'),(165,62,'无需预约，消费高峰时可能需要等位','2018-08-10 17:24:25','2018-08-10 17:24:25'),(166,62,'每单限最多使用一张优惠券','2018-08-10 17:24:25','2018-08-10 17:24:25'),(167,62,'餐巾纸费: 本套餐已含餐巾纸','2018-08-10 17:24:25','2018-08-10 17:24:25'),(168,62,'仅限堂食，不提供餐前外带，餐毕未吃完可打包，打包费详情咨询商家','2018-08-10 17:24:25','2018-08-10 17:24:25'),(169,62,'团购用户不可享受商家其他优惠','2018-08-10 17:24:25','2018-08-10 17:24:25'),(170,62,'酒水饮料等问题，请致电商家咨询，以商家反馈为准','2018-08-10 17:24:26','2018-08-10 17:24:26'),(171,62,'因部分菜品因时令或其他不可抗因素导致无法提供，店内会用等价菜品替换，具体事宜请与店内协商','2018-08-10 17:24:26','2018-08-10 17:24:26'),(172,62,'提供免费wifi','2018-08-10 17:24:26','2018-08-10 17:24:26'),(173,62,'停车位等事宜请咨询商家','2018-08-10 17:24:26','2018-08-10 17:24:26'),(177,66,'2018.8.8 至 2019.9.9（周末、法定节假日通用）','2018-08-17 17:35:22','2018-08-17 17:35:22'),(178,67,'早上8:00~晚上21:00','2018-08-17 17:35:22','2018-08-17 17:35:22'),(179,68,'无需预约，消费高峰时可能需要等位','2018-08-17 17:35:22','2018-08-17 17:35:22'),(180,68,'每单限最多使用一张优惠券','2018-08-17 17:35:22','2018-08-17 17:35:22'),(181,68,'餐巾纸费: 本套餐已含餐巾纸','2018-08-17 17:35:22','2018-08-17 17:35:22'),(182,68,'仅限堂食，不提供餐前外带，餐毕未吃完可打包，打包费详情咨询商家','2018-08-17 17:35:23','2018-08-17 17:35:23'),(183,68,'团购用户不可享受商家其他优惠','2018-08-17 17:35:23','2018-08-17 17:35:23'),(184,68,'酒水饮料等问题，请致电商家咨询，以商家反馈为准','2018-08-17 17:35:23','2018-08-17 17:35:23'),(185,68,'因部分菜品因时令或其他不可抗因素导致无法提供，店内会用等价菜品替换，具体事宜请与店内协商','2018-08-17 17:35:23','2018-08-17 17:35:23'),(186,68,'提供免费wifi','2018-08-17 17:35:23','2018-08-17 17:35:23'),(187,68,'停车位等事宜请咨询商家','2018-08-17 17:35:24','2018-08-17 17:35:24'),(188,69,'2018.8.8 至 2019.9.9（周末、法定节假日通用）','2018-08-17 17:52:52','2018-08-17 17:52:52'),(189,70,'早上8:00~晚上21:00','2018-08-17 17:52:52','2018-08-17 17:52:52'),(190,71,'无需预约，消费高峰时可能需要等位','2018-08-17 17:52:52','2018-08-17 17:52:52'),(191,71,'每单限最多使用一张优惠券','2018-08-17 17:52:53','2018-08-17 17:52:53'),(192,71,'餐巾纸费: 本套餐已含餐巾纸','2018-08-17 17:52:53','2018-08-17 17:52:53'),(193,71,'仅限堂食，不提供餐前外带，餐毕未吃完可打包，打包费详情咨询商家','2018-08-17 17:52:53','2018-08-17 17:52:53'),(194,71,'团购用户不可享受商家其他优惠','2018-08-17 17:52:53','2018-08-17 17:52:53'),(195,71,'酒水饮料等问题，请致电商家咨询，以商家反馈为准','2018-08-17 17:52:53','2018-08-17 17:52:53'),(196,71,'因部分菜品因时令或其他不可抗因素导致无法提供，店内会用等价菜品替换，具体事宜请与店内协商','2018-08-17 17:52:54','2018-08-17 17:52:54'),(197,71,'提供免费wifi','2018-08-17 17:52:54','2018-08-17 17:52:54'),(198,71,'停车位等事宜请咨询商家','2018-08-17 17:52:54','2018-08-17 17:52:54'),(199,72,'2018.8.8 至 2019.9.9（周末、法定节假日通用）','2018-08-17 17:56:48','2018-08-17 17:56:48'),(200,73,'早上8:00~晚上21:00','2018-08-17 17:56:48','2018-08-17 17:56:48'),(201,74,'无需预约，消费高峰时可能需要等位','2018-08-17 17:56:48','2018-08-17 17:56:48'),(202,74,'每单限最多使用一张优惠券','2018-08-17 17:56:48','2018-08-17 17:56:48'),(203,74,'餐巾纸费: 本套餐已含餐巾纸','2018-08-17 17:56:49','2018-08-17 17:56:49'),(204,74,'仅限堂食，不提供餐前外带，餐毕未吃完可打包，打包费详情咨询商家','2018-08-17 17:56:49','2018-08-17 17:56:49'),(205,74,'团购用户不可享受商家其他优惠','2018-08-17 17:56:49','2018-08-17 17:56:49'),(206,74,'酒水饮料等问题，请致电商家咨询，以商家反馈为准','2018-08-17 17:56:49','2018-08-17 17:56:49'),(207,74,'因部分菜品因时令或其他不可抗因素导致无法提供，店内会用等价菜品替换，具体事宜请与店内协商','2018-08-17 17:56:49','2018-08-17 17:56:49'),(208,74,'提供免费wifi','2018-08-17 17:56:50','2018-08-17 17:56:50'),(209,74,'停车位等事宜请咨询商家','2018-08-17 17:56:50','2018-08-17 17:56:50'),(210,75,'2018.8.8 至 2019.9.9（周末、法定节假日通用）','2018-08-18 14:44:46','2018-08-18 14:44:46'),(211,76,'早上8:00~晚上21:00','2018-08-18 14:44:46','2018-08-18 14:44:46'),(212,77,'无需预约，消费高峰时可能需要等位','2018-08-18 14:44:46','2018-08-18 14:44:46'),(213,77,'每单限最多使用一张优惠券','2018-08-18 14:44:46','2018-08-18 14:44:46'),(214,77,'餐巾纸费: 本套餐已含餐巾纸','2018-08-18 14:44:46','2018-08-18 14:44:46'),(215,77,'仅限堂食，不提供餐前外带，餐毕未吃完可打包，打包费详情咨询商家','2018-08-18 14:44:46','2018-08-18 14:44:46'),(216,77,'团购用户不可享受商家其他优惠','2018-08-18 14:44:47','2018-08-18 14:44:47'),(217,77,'酒水饮料等问题，请致电商家咨询，以商家反馈为准','2018-08-18 14:44:47','2018-08-18 14:44:47'),(218,77,'因部分菜品因时令或其他不可抗因素导致无法提供，店内会用等价菜品替换，具体事宜请与店内协商','2018-08-18 14:44:47','2018-08-18 14:44:47'),(219,77,'提供免费wifi','2018-08-18 14:44:47','2018-08-18 14:44:47'),(220,77,'停车位等事宜请咨询商家','2018-08-18 14:44:48','2018-08-18 14:44:48'),(221,78,'2018.8.8 至 2019.9.9（周末、法定节假日通用）','2018-08-18 14:48:05','2018-08-18 14:48:05'),(222,79,'早上8:00~晚上21:00','2018-08-18 14:48:05','2018-08-18 14:48:05'),(223,80,'无需预约，消费高峰时可能需要等位','2018-08-18 14:48:06','2018-08-18 14:48:06'),(224,80,'每单限最多使用一张优惠券','2018-08-18 14:48:06','2018-08-18 14:48:06'),(225,80,'餐巾纸费: 本套餐已含餐巾纸','2018-08-18 14:48:06','2018-08-18 14:48:06'),(226,80,'仅限堂食，不提供餐前外带，餐毕未吃完可打包，打包费详情咨询商家','2018-08-18 14:48:06','2018-08-18 14:48:06'),(227,80,'团购用户不可享受商家其他优惠','2018-08-18 14:48:06','2018-08-18 14:48:06'),(228,80,'酒水饮料等问题，请致电商家咨询，以商家反馈为准','2018-08-18 14:48:07','2018-08-18 14:48:07'),(229,80,'因部分菜品因时令或其他不可抗因素导致无法提供，店内会用等价菜品替换，具体事宜请与店内协商','2018-08-18 14:48:07','2018-08-18 14:48:07'),(230,80,'提供免费wifi','2018-08-18 14:48:07','2018-08-18 14:48:07'),(231,80,'停车位等事宜请咨询商家','2018-08-18 14:48:07','2018-08-18 14:48:07'),(232,81,'2018.8.8 至 2019.9.9（周末、法定节假日通用）','2018-08-18 14:50:47','2018-08-18 14:50:47'),(233,82,'早上8:00~晚上21:00','2018-08-18 14:50:47','2018-08-18 14:50:47'),(234,83,'无需预约，消费高峰时可能需要等位','2018-08-18 14:50:48','2018-08-18 14:50:48'),(235,83,'每单限最多使用一张优惠券','2018-08-18 14:50:48','2018-08-18 14:50:48'),(236,83,'餐巾纸费: 本套餐已含餐巾纸','2018-08-18 14:50:48','2018-08-18 14:50:48'),(237,83,'仅限堂食，不提供餐前外带，餐毕未吃完可打包，打包费详情咨询商家','2018-08-18 14:50:48','2018-08-18 14:50:48'),(238,83,'团购用户不可享受商家其他优惠','2018-08-18 14:50:48','2018-08-18 14:50:48'),(239,83,'酒水饮料等问题，请致电商家咨询，以商家反馈为准','2018-08-18 14:50:49','2018-08-18 14:50:49'),(240,83,'因部分菜品因时令或其他不可抗因素导致无法提供，店内会用等价菜品替换，具体事宜请与店内协商','2018-08-18 14:50:49','2018-08-18 14:50:49'),(241,83,'提供免费wifi','2018-08-18 14:50:49','2018-08-18 14:50:49'),(242,83,'停车位等事宜请咨询商家','2018-08-18 14:50:49','2018-08-18 14:50:49'),(243,84,'2018.8.8 至 2019.9.9（周末、法定节假日通用）','2018-08-18 21:55:13','2018-08-18 21:55:13'),(244,85,'早上8:00~晚上21:00','2018-08-18 21:55:13','2018-08-18 21:55:13'),(245,86,'无需预约，消费高峰时可能需要等位','2018-08-18 21:55:14','2018-08-18 21:55:14'),(246,86,'每单限最多使用一张优惠券','2018-08-18 21:55:14','2018-08-18 21:55:14'),(247,86,'餐巾纸费: 本套餐已含餐巾纸','2018-08-18 21:55:14','2018-08-18 21:55:14'),(248,86,'仅限堂食，不提供餐前外带，餐毕未吃完可打包，打包费详情咨询商家','2018-08-18 21:55:14','2018-08-18 21:55:14'),(249,86,'团购用户不可享受商家其他优惠','2018-08-18 21:55:14','2018-08-18 21:55:14'),(250,86,'酒水饮料等问题，请致电商家咨询，以商家反馈为准','2018-08-18 21:55:15','2018-08-18 21:55:15'),(251,86,'因部分菜品因时令或其他不可抗因素导致无法提供，店内会用等价菜品替换，具体事宜请与店内协商','2018-08-18 21:55:15','2018-08-18 21:55:15'),(252,86,'提供免费wifi','2018-08-18 21:55:15','2018-08-18 21:55:15'),(253,86,'停车位等事宜请咨询商家','2018-08-18 21:55:15','2018-08-18 21:55:15'),(254,87,'2018.8.8 至 2019.9.9（周末、法定节假日通用）','2018-08-19 11:59:53','2018-08-19 11:59:53'),(255,88,'早上8:00~晚上21:00','2018-08-19 11:59:53','2018-08-19 11:59:53'),(256,89,'无需预约，消费高峰时可能需要等位','2018-08-19 11:59:53','2018-08-19 11:59:53'),(257,89,'每单限最多使用一张优惠券','2018-08-19 11:59:53','2018-08-19 11:59:53'),(258,89,'餐巾纸费: 本套餐已含餐巾纸','2018-08-19 11:59:53','2018-08-19 11:59:53'),(259,89,'仅限堂食，不提供餐前外带，餐毕未吃完可打包，打包费详情咨询商家','2018-08-19 11:59:54','2018-08-19 11:59:54'),(260,89,'团购用户不可享受商家其他优惠','2018-08-19 11:59:54','2018-08-19 11:59:54'),(261,89,'酒水饮料等问题，请致电商家咨询，以商家反馈为准','2018-08-19 11:59:54','2018-08-19 11:59:54'),(262,89,'因部分菜品因时令或其他不可抗因素导致无法提供，店内会用等价菜品替换，具体事宜请与店内协商','2018-08-19 11:59:54','2018-08-19 11:59:54'),(263,89,'提供免费wifi','2018-08-19 11:59:54','2018-08-19 11:59:54'),(264,89,'停车位等事宜请咨询商家','2018-08-19 11:59:55','2018-08-19 11:59:55'),(265,90,'2018.8.8 至 2019.9.9（周末、法定节假日通用）','2018-08-20 20:06:18','2018-08-20 20:06:18'),(266,91,'早上8:00~晚上21:00','2018-08-20 20:06:18','2018-08-20 20:06:18'),(267,92,'无需预约，消费高峰时可能需要等位','2018-08-20 20:06:18','2018-08-20 20:06:18'),(268,92,'每单限最多使用一张优惠券','2018-08-20 20:06:18','2018-08-20 20:06:18'),(269,92,'餐巾纸费: 本套餐已含餐巾纸','2018-08-20 20:06:19','2018-08-20 20:06:19'),(270,92,'仅限堂食，不提供餐前外带，餐毕未吃完可打包，打包费详情咨询商家','2018-08-20 20:06:19','2018-08-20 20:06:19'),(271,92,'团购用户不可享受商家其他优惠','2018-08-20 20:06:19','2018-08-20 20:06:19'),(272,92,'酒水饮料等问题，请致电商家咨询，以商家反馈为准','2018-08-20 20:06:19','2018-08-20 20:06:19'),(273,92,'因部分菜品因时令或其他不可抗因素导致无法提供，店内会用等价菜品替换，具体事宜请与店内协商','2018-08-20 20:06:19','2018-08-20 20:06:19'),(274,92,'提供免费wifi','2018-08-20 20:06:20','2018-08-20 20:06:20'),(275,92,'停车位等事宜请咨询商家','2018-08-20 20:06:20','2018-08-20 20:06:20'),(276,93,'2018.8.8 至 2019.9.9（周末、法定节假日通用）','2018-12-28 16:38:59','2018-12-28 16:38:59'),(277,94,'早上8:00~晚上21:00','2018-12-28 16:38:59','2018-12-28 16:38:59'),(278,95,'无需预约，消费高峰时可能需要等位','2018-12-28 16:38:59','2018-12-28 16:38:59'),(279,95,'每单限最多使用一张优惠券','2018-12-28 16:39:00','2018-12-28 16:39:00'),(280,95,'餐巾纸费: 本套餐已含餐巾纸','2018-12-28 16:39:00','2018-12-28 16:39:00'),(281,95,'仅限堂食，不提供餐前外带，餐毕未吃完可打包，打包费详情咨询商家','2018-12-28 16:39:00','2018-12-28 16:39:00'),(282,95,'团购用户不可享受商家其他优惠','2018-12-28 16:39:00','2018-12-28 16:39:00'),(283,95,'酒水饮料等问题，请致电商家咨询，以商家反馈为准','2018-12-28 16:39:00','2018-12-28 16:39:00'),(284,95,'因部分菜品因时令或其他不可抗因素导致无法提供，店内会用等价菜品替换，具体事宜请与店内协商','2018-12-28 16:39:01','2018-12-28 16:39:01'),(285,95,'提供免费wifi','2018-12-28 16:39:01','2018-12-28 16:39:01'),(286,95,'停车位等事宜请咨询商家','2018-12-28 16:39:01','2018-12-28 16:39:01'),(287,96,'2018.8.8 至 2019.9.9（周末、法定节假日通用）','2018-12-28 16:55:00','2018-12-28 16:55:00'),(288,97,'早上8:00~晚上21:00','2018-12-28 16:55:00','2018-12-28 16:55:00'),(289,98,'无需预约，消费高峰时可能需要等位','2018-12-28 16:55:00','2018-12-28 16:55:00'),(290,98,'每单限最多使用一张优惠券','2018-12-28 16:55:00','2018-12-28 16:55:00'),(291,98,'餐巾纸费: 本套餐已含餐巾纸','2018-12-28 16:55:00','2018-12-28 16:55:00'),(292,98,'仅限堂食，不提供餐前外带，餐毕未吃完可打包，打包费详情咨询商家','2018-12-28 16:55:01','2018-12-28 16:55:01'),(293,98,'团购用户不可享受商家其他优惠','2018-12-28 16:55:01','2018-12-28 16:55:01'),(294,98,'酒水饮料等问题，请致电商家咨询，以商家反馈为准','2018-12-28 16:55:01','2018-12-28 16:55:01'),(295,98,'因部分菜品因时令或其他不可抗因素导致无法提供，店内会用等价菜品替换，具体事宜请与店内协商','2018-12-28 16:55:01','2018-12-28 16:55:01'),(296,98,'提供免费wifi','2018-12-28 16:55:01','2018-12-28 16:55:01'),(297,98,'停车位等事宜请咨询商家','2018-12-28 16:55:02','2018-12-28 16:55:02'),(298,99,'2018.8.8 至 2019.9.9（周末、法定节假日通用）','2018-12-28 17:01:28','2018-12-28 17:01:28'),(299,100,'早上8:00~晚上21:00','2018-12-28 17:01:28','2018-12-28 17:01:28'),(300,101,'无需预约，消费高峰时可能需要等位','2018-12-28 17:01:28','2018-12-28 17:01:28'),(301,101,'每单限最多使用一张优惠券','2018-12-28 17:01:29','2018-12-28 17:01:29'),(302,101,'餐巾纸费: 本套餐已含餐巾纸','2018-12-28 17:01:29','2018-12-28 17:01:29'),(303,101,'仅限堂食，不提供餐前外带，餐毕未吃完可打包，打包费详情咨询商家','2018-12-28 17:01:29','2018-12-28 17:01:29'),(304,101,'团购用户不可享受商家其他优惠','2018-12-28 17:01:29','2018-12-28 17:01:29'),(305,101,'酒水饮料等问题，请致电商家咨询，以商家反馈为准','2018-12-28 17:01:29','2018-12-28 17:01:29'),(306,101,'因部分菜品因时令或其他不可抗因素导致无法提供，店内会用等价菜品替换，具体事宜请与店内协商','2018-12-28 17:01:30','2018-12-28 17:01:30'),(307,101,'提供免费wifi','2018-12-28 17:01:30','2018-12-28 17:01:30'),(308,101,'停车位等事宜请咨询商家','2018-12-28 17:01:30','2018-12-28 17:01:30'),(309,102,'2018.8.8 至 2019.9.9（周末、法定节假日通用）','2018-12-28 17:04:54','2018-12-28 17:04:54'),(310,103,'早上8:00~晚上21:00','2018-12-28 17:04:54','2018-12-28 17:04:54'),(311,104,'无需预约，消费高峰时可能需要等位','2018-12-28 17:04:54','2018-12-28 17:04:54'),(312,104,'每单限最多使用一张优惠券','2018-12-28 17:04:55','2018-12-28 17:04:55'),(313,104,'餐巾纸费: 本套餐已含餐巾纸','2018-12-28 17:04:55','2018-12-28 17:04:55'),(314,104,'仅限堂食，不提供餐前外带，餐毕未吃完可打包，打包费详情咨询商家','2018-12-28 17:04:55','2018-12-28 17:04:55'),(315,104,'团购用户不可享受商家其他优惠','2018-12-28 17:04:55','2018-12-28 17:04:55'),(316,104,'酒水饮料等问题，请致电商家咨询，以商家反馈为准','2018-12-28 17:04:55','2018-12-28 17:04:55'),(317,104,'因部分菜品因时令或其他不可抗因素导致无法提供，店内会用等价菜品替换，具体事宜请与店内协商','2018-12-28 17:04:56','2018-12-28 17:04:56'),(318,104,'提供免费wifi','2018-12-28 17:04:56','2018-12-28 17:04:56'),(319,104,'停车位等事宜请咨询商家','2018-12-28 17:04:56','2018-12-28 17:04:56'),(320,105,'2018.8.8 至 2019.9.9（周末、法定节假日通用）','2018-12-28 20:31:55','2018-12-28 20:31:55'),(321,106,'早上8:00~晚上21:00','2018-12-28 20:31:55','2018-12-28 20:31:55'),(322,107,'无需预约，消费高峰时可能需要等位','2018-12-28 20:31:55','2018-12-28 20:31:55'),(323,107,'每单限最多使用一张优惠券','2018-12-28 20:31:56','2018-12-28 20:31:56'),(324,107,'餐巾纸费: 本套餐已含餐巾纸','2018-12-28 20:31:56','2018-12-28 20:31:56'),(325,107,'仅限堂食，不提供餐前外带，餐毕未吃完可打包，打包费详情咨询商家','2018-12-28 20:31:56','2018-12-28 20:31:56'),(326,107,'团购用户不可享受商家其他优惠','2018-12-28 20:31:56','2018-12-28 20:31:56'),(327,107,'酒水饮料等问题，请致电商家咨询，以商家反馈为准','2018-12-28 20:31:56','2018-12-28 20:31:56'),(328,107,'因部分菜品因时令或其他不可抗因素导致无法提供，店内会用等价菜品替换，具体事宜请与店内协商','2018-12-28 20:31:57','2018-12-28 20:31:57'),(329,107,'提供免费wifi','2018-12-28 20:31:57','2018-12-28 20:31:57'),(330,107,'停车位等事宜请咨询商家','2018-12-28 20:31:57','2018-12-28 20:31:57'),(331,108,'2018.8.8 至 2019.9.9（周末、法定节假日通用）','2018-12-28 21:08:17','2018-12-28 21:08:17'),(332,109,'早上8:00~晚上21:00','2018-12-28 21:08:17','2018-12-28 21:08:17'),(333,110,'无需预约，消费高峰时可能需要等位','2018-12-28 21:08:17','2018-12-28 21:08:17'),(334,110,'每单限最多使用一张优惠券','2018-12-28 21:08:17','2018-12-28 21:08:17'),(335,110,'餐巾纸费: 本套餐已含餐巾纸','2018-12-28 21:08:18','2018-12-28 21:08:18'),(336,110,'仅限堂食，不提供餐前外带，餐毕未吃完可打包，打包费详情咨询商家','2018-12-28 21:08:18','2018-12-28 21:08:18'),(337,110,'团购用户不可享受商家其他优惠','2018-12-28 21:08:18','2018-12-28 21:08:18'),(338,110,'酒水饮料等问题，请致电商家咨询，以商家反馈为准','2018-12-28 21:08:18','2018-12-28 21:08:18'),(339,110,'因部分菜品因时令或其他不可抗因素导致无法提供，店内会用等价菜品替换，具体事宜请与店内协商','2018-12-28 21:08:18','2018-12-28 21:08:18'),(340,110,'提供免费wifi','2018-12-28 21:08:19','2018-12-28 21:08:19'),(341,110,'停车位等事宜请咨询商家','2018-12-28 21:08:19','2018-12-28 21:08:19'),(342,111,'2018.8.8 至 2019.9.9（周末、法定节假日通用）','2018-12-28 21:11:18','2018-12-28 21:11:18'),(343,112,'早上8:00~晚上21:00','2018-12-28 21:11:18','2018-12-28 21:11:18'),(344,113,'无需预约，消费高峰时可能需要等位','2018-12-28 21:11:19','2018-12-28 21:11:19'),(345,113,'每单限最多使用一张优惠券','2018-12-28 21:11:19','2018-12-28 21:11:19'),(346,113,'餐巾纸费: 本套餐已含餐巾纸','2018-12-28 21:11:19','2018-12-28 21:11:19'),(347,113,'仅限堂食，不提供餐前外带，餐毕未吃完可打包，打包费详情咨询商家','2018-12-28 21:11:19','2018-12-28 21:11:19'),(348,113,'团购用户不可享受商家其他优惠','2018-12-28 21:11:19','2018-12-28 21:11:19'),(349,113,'酒水饮料等问题，请致电商家咨询，以商家反馈为准','2018-12-28 21:11:20','2018-12-28 21:11:20'),(350,113,'因部分菜品因时令或其他不可抗因素导致无法提供，店内会用等价菜品替换，具体事宜请与店内协商','2018-12-28 21:11:20','2018-12-28 21:11:20'),(351,113,'提供免费wifi','2018-12-28 21:11:20','2018-12-28 21:11:20'),(352,113,'停车位等事宜请咨询商家','2018-12-28 21:11:20','2018-12-28 21:11:20'),(353,114,'2018.8.8 至 2019.9.9（周末、法定节假日通用）','2018-12-28 21:15:18','2018-12-28 21:15:18'),(354,115,'早上8:00~晚上21:00','2018-12-28 21:15:18','2018-12-28 21:15:18'),(355,116,'无需预约，消费高峰时可能需要等位','2018-12-28 21:15:18','2018-12-28 21:15:18'),(356,116,'每单限最多使用一张优惠券','2018-12-28 21:15:18','2018-12-28 21:15:18'),(357,116,'餐巾纸费: 本套餐已含餐巾纸','2018-12-28 21:15:19','2018-12-28 21:15:19'),(358,116,'仅限堂食，不提供餐前外带，餐毕未吃完可打包，打包费详情咨询商家','2018-12-28 21:15:19','2018-12-28 21:15:19'),(359,116,'团购用户不可享受商家其他优惠','2018-12-28 21:15:19','2018-12-28 21:15:19'),(360,116,'酒水饮料等问题，请致电商家咨询，以商家反馈为准','2018-12-28 21:15:19','2018-12-28 21:15:19'),(361,116,'因部分菜品因时令或其他不可抗因素导致无法提供，店内会用等价菜品替换，具体事宜请与店内协商','2018-12-28 21:15:19','2018-12-28 21:15:19'),(362,116,'提供免费wifi','2018-12-28 21:15:20','2018-12-28 21:15:20'),(363,116,'停车位等事宜请咨询商家','2018-12-28 21:15:20','2018-12-28 21:15:20'),(364,117,'2018.8.8 至 2019.9.9（周末、法定节假日通用）','2018-12-28 21:24:40','2018-12-28 21:24:40'),(365,118,'早上8:00~晚上21:00','2018-12-28 21:24:40','2018-12-28 21:24:40'),(366,119,'无需预约，消费高峰时可能需要等位','2018-12-28 21:24:41','2018-12-28 21:24:41'),(367,119,'每单限最多使用一张优惠券','2018-12-28 21:24:41','2018-12-28 21:24:41'),(368,119,'餐巾纸费: 本套餐已含餐巾纸','2018-12-28 21:24:41','2018-12-28 21:24:41'),(369,119,'仅限堂食，不提供餐前外带，餐毕未吃完可打包，打包费详情咨询商家','2018-12-28 21:24:41','2018-12-28 21:24:41'),(370,119,'团购用户不可享受商家其他优惠','2018-12-28 21:24:41','2018-12-28 21:24:41'),(371,119,'酒水饮料等问题，请致电商家咨询，以商家反馈为准','2018-12-28 21:24:42','2018-12-28 21:24:42'),(372,119,'因部分菜品因时令或其他不可抗因素导致无法提供，店内会用等价菜品替换，具体事宜请与店内协商','2018-12-28 21:24:42','2018-12-28 21:24:42'),(373,119,'提供免费wifi','2018-12-28 21:24:42','2018-12-28 21:24:42'),(374,119,'停车位等事宜请咨询商家','2018-12-28 21:24:42','2018-12-28 21:24:42'),(375,120,'2018.8.8 至 2019.9.9（周末、法定节假日通用）','2018-12-28 21:27:41','2018-12-28 21:27:41'),(376,121,'早上8:00~晚上21:00','2018-12-28 21:27:42','2018-12-28 21:27:42'),(377,122,'无需预约，消费高峰时可能需要等位','2018-12-28 21:27:42','2018-12-28 21:27:42'),(378,122,'每单限最多使用一张优惠券','2018-12-28 21:27:42','2018-12-28 21:27:42'),(379,122,'餐巾纸费: 本套餐已含餐巾纸','2018-12-28 21:27:42','2018-12-28 21:27:42'),(380,122,'仅限堂食，不提供餐前外带，餐毕未吃完可打包，打包费详情咨询商家','2018-12-28 21:27:42','2018-12-28 21:27:42'),(381,122,'团购用户不可享受商家其他优惠','2018-12-28 21:27:43','2018-12-28 21:27:43'),(382,122,'酒水饮料等问题，请致电商家咨询，以商家反馈为准','2018-12-28 21:27:43','2018-12-28 21:27:43'),(383,122,'因部分菜品因时令或其他不可抗因素导致无法提供，店内会用等价菜品替换，具体事宜请与店内协商','2018-12-28 21:27:43','2018-12-28 21:27:43'),(384,122,'提供免费wifi','2018-12-28 21:27:43','2018-12-28 21:27:43'),(385,122,'停车位等事宜请咨询商家','2018-12-28 21:27:43','2018-12-28 21:27:43'),(386,123,'2018.8.8 至 2019.9.9（周末、法定节假日通用）','2018-12-28 21:30:21','2018-12-28 21:30:21'),(387,124,'早上8:00~晚上21:00','2018-12-28 21:30:21','2018-12-28 21:30:21'),(388,125,'无需预约，消费高峰时可能需要等位','2018-12-28 21:30:22','2018-12-28 21:30:22'),(389,125,'每单限最多使用一张优惠券','2018-12-28 21:30:22','2018-12-28 21:30:22'),(390,125,'餐巾纸费: 本套餐已含餐巾纸','2018-12-28 21:30:22','2018-12-28 21:30:22'),(391,125,'仅限堂食，不提供餐前外带，餐毕未吃完可打包，打包费详情咨询商家','2018-12-28 21:30:22','2018-12-28 21:30:22'),(392,125,'团购用户不可享受商家其他优惠','2018-12-28 21:30:22','2018-12-28 21:30:22'),(393,125,'酒水饮料等问题，请致电商家咨询，以商家反馈为准','2018-12-28 21:30:23','2018-12-28 21:30:23'),(394,125,'因部分菜品因时令或其他不可抗因素导致无法提供，店内会用等价菜品替换，具体事宜请与店内协商','2018-12-28 21:30:23','2018-12-28 21:30:23'),(395,125,'提供免费wifi','2018-12-28 21:30:23','2018-12-28 21:30:23'),(396,125,'停车位等事宜请咨询商家','2018-12-28 21:30:23','2018-12-28 21:30:23'),(397,126,'2018.8.8 至 2019.9.9（周末、法定节假日通用）','2018-12-28 21:34:44','2018-12-28 21:34:44'),(398,127,'早上8:00~晚上21:00','2018-12-28 21:34:44','2018-12-28 21:34:44'),(399,128,'无需预约，消费高峰时可能需要等位','2018-12-28 21:34:44','2018-12-28 21:34:44'),(400,128,'每单限最多使用一张优惠券','2018-12-28 21:34:45','2018-12-28 21:34:45'),(401,128,'餐巾纸费: 本套餐已含餐巾纸','2018-12-28 21:34:45','2018-12-28 21:34:45'),(402,128,'仅限堂食，不提供餐前外带，餐毕未吃完可打包，打包费详情咨询商家','2018-12-28 21:34:45','2018-12-28 21:34:45'),(403,128,'团购用户不可享受商家其他优惠','2018-12-28 21:34:45','2018-12-28 21:34:45'),(404,128,'酒水饮料等问题，请致电商家咨询，以商家反馈为准','2018-12-28 21:34:45','2018-12-28 21:34:45'),(405,128,'因部分菜品因时令或其他不可抗因素导致无法提供，店内会用等价菜品替换，具体事宜请与店内协商','2018-12-28 21:34:46','2018-12-28 21:34:46'),(406,128,'提供免费wifi','2018-12-28 21:34:46','2018-12-28 21:34:46'),(407,128,'停车位等事宜请咨询商家','2018-12-28 21:34:46','2018-12-28 21:34:46'),(408,129,'2018.8.8 至 2019.9.9（周末、法定节假日通用）','2018-12-28 21:37:24','2018-12-28 21:37:24'),(409,130,'早上8:00~晚上21:00','2018-12-28 21:37:25','2018-12-28 21:37:25'),(410,131,'无需预约，消费高峰时可能需要等位','2018-12-28 21:37:25','2018-12-28 21:37:25'),(411,131,'每单限最多使用一张优惠券','2018-12-28 21:37:25','2018-12-28 21:37:25'),(412,131,'餐巾纸费: 本套餐已含餐巾纸','2018-12-28 21:37:25','2018-12-28 21:37:25'),(413,131,'仅限堂食，不提供餐前外带，餐毕未吃完可打包，打包费详情咨询商家','2018-12-28 21:37:25','2018-12-28 21:37:25'),(414,131,'团购用户不可享受商家其他优惠','2018-12-28 21:37:26','2018-12-28 21:37:26'),(415,131,'酒水饮料等问题，请致电商家咨询，以商家反馈为准','2018-12-28 21:37:26','2018-12-28 21:37:26'),(416,131,'因部分菜品因时令或其他不可抗因素导致无法提供，店内会用等价菜品替换，具体事宜请与店内协商','2018-12-28 21:37:26','2018-12-28 21:37:26'),(417,131,'提供免费wifi','2018-12-28 21:37:26','2018-12-28 21:37:26'),(418,131,'停车位等事宜请咨询商家','2018-12-28 21:37:26','2018-12-28 21:37:26'),(419,132,'2018.8.8 至 2019.9.9（周末、法定节假日通用）','2018-12-28 21:42:19','2018-12-28 21:42:19'),(420,133,'早上8:00~晚上21:00','2018-12-28 21:42:19','2018-12-28 21:42:19'),(421,134,'无需预约，消费高峰时可能需要等位','2018-12-28 21:42:20','2018-12-28 21:42:20'),(422,134,'每单限最多使用一张优惠券','2018-12-28 21:42:20','2018-12-28 21:42:20'),(423,134,'餐巾纸费: 本套餐已含餐巾纸','2018-12-28 21:42:20','2018-12-28 21:42:20'),(424,134,'仅限堂食，不提供餐前外带，餐毕未吃完可打包，打包费详情咨询商家','2018-12-28 21:42:20','2018-12-28 21:42:20'),(425,134,'团购用户不可享受商家其他优惠','2018-12-28 21:42:20','2018-12-28 21:42:20'),(426,134,'酒水饮料等问题，请致电商家咨询，以商家反馈为准','2018-12-28 21:42:21','2018-12-28 21:42:21'),(427,134,'因部分菜品因时令或其他不可抗因素导致无法提供，店内会用等价菜品替换，具体事宜请与店内协商','2018-12-28 21:42:21','2018-12-28 21:42:21'),(428,134,'提供免费wifi','2018-12-28 21:42:21','2018-12-28 21:42:21'),(429,134,'停车位等事宜请咨询商家','2018-12-28 21:42:21','2018-12-28 21:42:21'),(430,135,'2018.8.8 至 2019.9.9（周末、法定节假日通用）','2018-12-28 21:46:41','2018-12-28 21:46:41'),(431,136,'早上8:00~晚上21:00','2018-12-28 21:46:41','2018-12-28 21:46:41'),(432,137,'无需预约，消费高峰时可能需要等位','2018-12-28 21:46:42','2018-12-28 21:46:42'),(433,137,'每单限最多使用一张优惠券','2018-12-28 21:46:42','2018-12-28 21:46:42'),(434,137,'餐巾纸费: 本套餐已含餐巾纸','2018-12-28 21:46:42','2018-12-28 21:46:42'),(435,137,'仅限堂食，不提供餐前外带，餐毕未吃完可打包，打包费详情咨询商家','2018-12-28 21:46:42','2018-12-28 21:46:42'),(436,137,'团购用户不可享受商家其他优惠','2018-12-28 21:46:42','2018-12-28 21:46:42'),(437,137,'酒水饮料等问题，请致电商家咨询，以商家反馈为准','2018-12-28 21:46:43','2018-12-28 21:46:43'),(438,137,'因部分菜品因时令或其他不可抗因素导致无法提供，店内会用等价菜品替换，具体事宜请与店内协商','2018-12-28 21:46:43','2018-12-28 21:46:43'),(439,137,'提供免费wifi','2018-12-28 21:46:43','2018-12-28 21:46:43'),(440,137,'停车位等事宜请咨询商家','2018-12-28 21:46:43','2018-12-28 21:46:43'),(441,138,'2018.8.8 至 2019.9.9（周末、法定节假日通用）','2018-12-28 21:50:01','2018-12-28 21:50:01'),(442,139,'早上8:00~晚上21:00','2018-12-28 21:50:01','2018-12-28 21:50:01'),(443,140,'无需预约，消费高峰时可能需要等位','2018-12-28 21:50:01','2018-12-28 21:50:01'),(444,140,'每单限最多使用一张优惠券','2018-12-28 21:50:01','2018-12-28 21:50:01'),(445,140,'餐巾纸费: 本套餐已含餐巾纸','2018-12-28 21:50:02','2018-12-28 21:50:02'),(446,140,'仅限堂食，不提供餐前外带，餐毕未吃完可打包，打包费详情咨询商家','2018-12-28 21:50:02','2018-12-28 21:50:02'),(447,140,'团购用户不可享受商家其他优惠','2018-12-28 21:50:02','2018-12-28 21:50:02'),(448,140,'酒水饮料等问题，请致电商家咨询，以商家反馈为准','2018-12-28 21:50:02','2018-12-28 21:50:02'),(449,140,'因部分菜品因时令或其他不可抗因素导致无法提供，店内会用等价菜品替换，具体事宜请与店内协商','2018-12-28 21:50:02','2018-12-28 21:50:02'),(450,140,'提供免费wifi','2018-12-28 21:50:03','2018-12-28 21:50:03'),(451,140,'停车位等事宜请咨询商家','2018-12-28 21:50:03','2018-12-28 21:50:03'),(452,141,'2018.8.8 至 2019.9.9（周末、法定节假日通用）','2018-12-28 21:53:00','2018-12-28 21:53:00'),(453,142,'早上8:00~晚上21:00','2018-12-28 21:53:00','2018-12-28 21:53:00'),(454,143,'无需预约，消费高峰时可能需要等位','2018-12-28 21:53:00','2018-12-28 21:53:00'),(455,143,'每单限最多使用一张优惠券','2018-12-28 21:53:00','2018-12-28 21:53:00'),(456,143,'餐巾纸费: 本套餐已含餐巾纸','2018-12-28 21:53:00','2018-12-28 21:53:00'),(457,143,'仅限堂食，不提供餐前外带，餐毕未吃完可打包，打包费详情咨询商家','2018-12-28 21:53:01','2018-12-28 21:53:01'),(458,143,'团购用户不可享受商家其他优惠','2018-12-28 21:53:01','2018-12-28 21:53:01'),(459,143,'酒水饮料等问题，请致电商家咨询，以商家反馈为准','2018-12-28 21:53:01','2018-12-28 21:53:01'),(460,143,'因部分菜品因时令或其他不可抗因素导致无法提供，店内会用等价菜品替换，具体事宜请与店内协商','2018-12-28 21:53:01','2018-12-28 21:53:01'),(461,143,'提供免费wifi','2018-12-28 21:53:01','2018-12-28 21:53:01'),(462,143,'停车位等事宜请咨询商家','2018-12-28 21:53:02','2018-12-28 21:53:02'),(463,144,'2018.8.8 至 2019.9.9（周末、法定节假日通用）','2018-12-28 21:54:51','2018-12-28 21:54:51'),(464,145,'早上8:00~晚上21:00','2018-12-28 21:54:51','2018-12-28 21:54:51'),(465,146,'无需预约，消费高峰时可能需要等位','2018-12-28 21:54:51','2018-12-28 21:54:51'),(466,146,'每单限最多使用一张优惠券','2018-12-28 21:54:51','2018-12-28 21:54:51'),(467,146,'餐巾纸费: 本套餐已含餐巾纸','2018-12-28 21:54:51','2018-12-28 21:54:51'),(468,146,'仅限堂食，不提供餐前外带，餐毕未吃完可打包，打包费详情咨询商家','2018-12-28 21:54:52','2018-12-28 21:54:52'),(469,146,'团购用户不可享受商家其他优惠','2018-12-28 21:54:52','2018-12-28 21:54:52'),(470,146,'酒水饮料等问题，请致电商家咨询，以商家反馈为准','2018-12-28 21:54:52','2018-12-28 21:54:52'),(471,146,'因部分菜品因时令或其他不可抗因素导致无法提供，店内会用等价菜品替换，具体事宜请与店内协商','2018-12-28 21:54:52','2018-12-28 21:54:52'),(472,146,'提供免费wifi','2018-12-28 21:54:52','2018-12-28 21:54:52'),(473,146,'停车位等事宜请咨询商家','2018-12-28 21:54:53','2018-12-28 21:54:53'),(474,147,'2018.8.8 至 2019.9.9（周末、法定节假日通用）','2018-12-28 21:57:39','2018-12-28 21:57:39'),(475,148,'早上8:00~晚上21:00','2018-12-28 21:57:39','2018-12-28 21:57:39'),(487,152,'无需预约，消费高峰时可能需要等位','2018-12-28 21:57:50','2018-12-28 21:57:50'),(488,152,'每单限最多使用一张优惠券','2018-12-28 21:57:50','2018-12-28 21:57:50'),(489,152,'餐巾纸费: 本套餐已含餐巾纸','2018-12-28 21:57:50','2018-12-28 21:57:50'),(490,152,'仅限堂食，不提供餐前外带，餐毕未吃完可打包，打包费详情咨询商家','2018-12-28 21:57:51','2018-12-28 21:57:51'),(491,152,'团购用户不可享受商家其他优惠','2018-12-28 21:57:51','2018-12-28 21:57:51'),(492,152,'酒水饮料等问题，请致电商家咨询，以商家反馈为准','2018-12-28 21:57:51','2018-12-28 21:57:51'),(493,152,'因部分菜品因时令或其他不可抗因素导致无法提供，店内会用等价菜品替换，具体事宜请与店内协商','2018-12-28 21:57:51','2018-12-28 21:57:51'),(494,152,'提供免费wifi','2018-12-28 21:57:51','2018-12-28 21:57:51'),(495,152,'停车位等事宜请咨询商家','2018-12-28 21:57:52','2018-12-28 21:57:52'),(496,153,'2018.8.8 至 2019.9.9（周末、法定节假日通用）','2018-12-28 21:59:56','2018-12-28 21:59:56'),(497,154,'早上8:00~晚上21:00','2018-12-28 21:59:57','2018-12-28 21:59:57'),(498,155,'无需预约，消费高峰时可能需要等位','2018-12-28 21:59:57','2018-12-28 21:59:57'),(499,155,'每单限最多使用一张优惠券','2018-12-28 21:59:57','2018-12-28 21:59:57'),(500,155,'餐巾纸费: 本套餐已含餐巾纸','2018-12-28 21:59:57','2018-12-28 21:59:57'),(501,155,'仅限堂食，不提供餐前外带，餐毕未吃完可打包，打包费详情咨询商家','2018-12-28 21:59:57','2018-12-28 21:59:57'),(502,155,'团购用户不可享受商家其他优惠','2018-12-28 21:59:58','2018-12-28 21:59:58'),(503,155,'酒水饮料等问题，请致电商家咨询，以商家反馈为准','2018-12-28 21:59:58','2018-12-28 21:59:58'),(504,155,'因部分菜品因时令或其他不可抗因素导致无法提供，店内会用等价菜品替换，具体事宜请与店内协商','2018-12-28 21:59:58','2018-12-28 21:59:58'),(505,155,'提供免费wifi','2018-12-28 21:59:58','2018-12-28 21:59:58'),(506,155,'停车位等事宜请咨询商家','2018-12-28 21:59:58','2018-12-28 21:59:58'),(507,156,'2018.8.8 至 2019.9.9（周末、法定节假日通用）','2018-12-28 22:02:47','2018-12-28 22:02:47'),(508,157,'早上8:00~晚上21:00','2018-12-28 22:02:47','2018-12-28 22:02:47'),(509,158,'无需预约，消费高峰时可能需要等位','2018-12-28 22:02:47','2018-12-28 22:02:47'),(510,158,'每单限最多使用一张优惠券','2018-12-28 22:02:48','2018-12-28 22:02:48'),(511,158,'餐巾纸费: 本套餐已含餐巾纸','2018-12-28 22:02:48','2018-12-28 22:02:48'),(512,158,'仅限堂食，不提供餐前外带，餐毕未吃完可打包，打包费详情咨询商家','2018-12-28 22:02:48','2018-12-28 22:02:48'),(513,158,'团购用户不可享受商家其他优惠','2018-12-28 22:02:48','2018-12-28 22:02:48'),(514,158,'酒水饮料等问题，请致电商家咨询，以商家反馈为准','2018-12-28 22:02:48','2018-12-28 22:02:48'),(515,158,'因部分菜品因时令或其他不可抗因素导致无法提供，店内会用等价菜品替换，具体事宜请与店内协商','2018-12-28 22:02:49','2018-12-28 22:02:49'),(516,158,'提供免费wifi','2018-12-28 22:02:49','2018-12-28 22:02:49'),(517,158,'停车位等事宜请咨询商家','2018-12-28 22:02:49','2018-12-28 22:02:49'),(518,159,'2018.8.8 至 2019.9.9（周末、法定节假日通用）','2018-12-28 22:05:03','2018-12-28 22:05:03'),(519,160,'早上8:00~晚上21:00','2018-12-28 22:05:03','2018-12-28 22:05:03'),(520,161,'无需预约，消费高峰时可能需要等位','2018-12-28 22:05:03','2018-12-28 22:05:03'),(521,161,'每单限最多使用一张优惠券','2018-12-28 22:05:03','2018-12-28 22:05:03'),(522,161,'餐巾纸费: 本套餐已含餐巾纸','2018-12-28 22:05:04','2018-12-28 22:05:04'),(523,161,'仅限堂食，不提供餐前外带，餐毕未吃完可打包，打包费详情咨询商家','2018-12-28 22:05:04','2018-12-28 22:05:04'),(524,161,'团购用户不可享受商家其他优惠','2018-12-28 22:05:04','2018-12-28 22:05:04'),(525,161,'酒水饮料等问题，请致电商家咨询，以商家反馈为准','2018-12-28 22:05:04','2018-12-28 22:05:04'),(526,161,'因部分菜品因时令或其他不可抗因素导致无法提供，店内会用等价菜品替换，具体事宜请与店内协商','2018-12-28 22:05:04','2018-12-28 22:05:04'),(527,161,'提供免费wifi','2018-12-28 22:05:05','2018-12-28 22:05:05'),(528,161,'停车位等事宜请咨询商家','2018-12-28 22:05:05','2018-12-28 22:05:05'),(529,162,'2018.8.8 至 2019.9.9（周末、法定节假日通用）','2018-12-28 22:06:58','2018-12-28 22:06:58'),(530,163,'早上8:00~晚上21:00','2018-12-28 22:06:58','2018-12-28 22:06:58'),(531,164,'无需预约，消费高峰时可能需要等位','2018-12-28 22:06:58','2018-12-28 22:06:58'),(532,164,'每单限最多使用一张优惠券','2018-12-28 22:06:59','2018-12-28 22:06:59'),(533,164,'餐巾纸费: 本套餐已含餐巾纸','2018-12-28 22:06:59','2018-12-28 22:06:59'),(534,164,'仅限堂食，不提供餐前外带，餐毕未吃完可打包，打包费详情咨询商家','2018-12-28 22:06:59','2018-12-28 22:06:59'),(535,164,'团购用户不可享受商家其他优惠','2018-12-28 22:06:59','2018-12-28 22:06:59'),(536,164,'酒水饮料等问题，请致电商家咨询，以商家反馈为准','2018-12-28 22:06:59','2018-12-28 22:06:59'),(537,164,'因部分菜品因时令或其他不可抗因素导致无法提供，店内会用等价菜品替换，具体事宜请与店内协商','2018-12-28 22:07:00','2018-12-28 22:07:00'),(538,164,'提供免费wifi','2018-12-28 22:07:00','2018-12-28 22:07:00'),(539,164,'停车位等事宜请咨询商家','2018-12-28 22:07:00','2018-12-28 22:07:00'),(540,165,'2018.8.8 至 2019.9.9（周末、法定节假日通用）','2019-01-05 23:11:12','2019-01-05 23:11:12'),(541,166,'早上8:00~晚上21:00','2019-01-05 23:11:12','2019-01-05 23:11:12'),(542,167,'无需预约，消费高峰时可能需要等位','2019-01-05 23:11:12','2019-01-05 23:11:12'),(543,167,'每单限最多使用一张优惠券','2019-01-05 23:11:13','2019-01-05 23:11:13'),(544,167,'餐巾纸费: 本套餐已含餐巾纸','2019-01-05 23:11:13','2019-01-05 23:11:13'),(545,167,'仅限堂食，不提供餐前外带，餐毕未吃完可打包，打包费详情咨询商家','2019-01-05 23:11:13','2019-01-05 23:11:13'),(546,167,'团购用户不可享受商家其他优惠','2019-01-05 23:11:13','2019-01-05 23:11:13'),(547,167,'酒水饮料等问题，请致电商家咨询，以商家反馈为准','2019-01-05 23:11:13','2019-01-05 23:11:13'),(548,167,'因部分菜品因时令或其他不可抗因素导致无法提供，店内会用等价菜品替换，具体事宜请与店内协商','2019-01-05 23:11:14','2019-01-05 23:11:14'),(549,167,'提供免费wifi','2019-01-05 23:11:14','2019-01-05 23:11:14'),(550,167,'停车位等事宜请咨询商家','2019-01-05 23:11:14','2019-01-05 23:11:14'),(551,168,'2018.8.8 至 2019.9.9（周末、法定节假日通用）','2019-01-05 23:14:45','2019-01-05 23:14:45'),(552,169,'早上8:00~晚上21:00','2019-01-05 23:14:45','2019-01-05 23:14:45'),(553,170,'无需预约，消费高峰时可能需要等位','2019-01-05 23:14:46','2019-01-05 23:14:46'),(554,170,'每单限最多使用一张优惠券','2019-01-05 23:14:46','2019-01-05 23:14:46'),(555,170,'餐巾纸费: 本套餐已含餐巾纸','2019-01-05 23:14:46','2019-01-05 23:14:46'),(556,170,'仅限堂食，不提供餐前外带，餐毕未吃完可打包，打包费详情咨询商家','2019-01-05 23:14:46','2019-01-05 23:14:46'),(557,170,'团购用户不可享受商家其他优惠','2019-01-05 23:14:46','2019-01-05 23:14:46'),(558,170,'酒水饮料等问题，请致电商家咨询，以商家反馈为准','2019-01-05 23:14:47','2019-01-05 23:14:47'),(559,170,'因部分菜品因时令或其他不可抗因素导致无法提供，店内会用等价菜品替换，具体事宜请与店内协商','2019-01-05 23:14:47','2019-01-05 23:14:47'),(560,170,'提供免费wifi','2019-01-05 23:14:47','2019-01-05 23:14:47'),(561,170,'停车位等事宜请咨询商家','2019-01-05 23:14:47','2019-01-05 23:14:47'),(562,171,'2018.8.8 至 2019.9.9（周末、法定节假日通用）','2019-01-17 15:40:02','2019-01-17 15:40:02'),(563,172,'早上8:00~晚上21:00','2019-01-17 15:40:02','2019-01-17 15:40:02'),(564,173,'无需预约，消费高峰时可能需要等位','2019-01-17 15:40:02','2019-01-17 15:40:02'),(565,173,'每单限最多使用一张优惠券','2019-01-17 15:40:03','2019-01-17 15:40:03'),(566,173,'餐巾纸费: 本套餐已含餐巾纸','2019-01-17 15:40:03','2019-01-17 15:40:03'),(567,173,'仅限堂食，不提供餐前外带，餐毕未吃完可打包，打包费详情咨询商家','2019-01-17 15:40:03','2019-01-17 15:40:03'),(568,173,'团购用户不可享受商家其他优惠','2019-01-17 15:40:03','2019-01-17 15:40:03'),(569,173,'酒水饮料等问题，请致电商家咨询，以商家反馈为准','2019-01-17 15:40:03','2019-01-17 15:40:03'),(570,173,'因部分菜品因时令或其他不可抗因素导致无法提供，店内会用等价菜品替换，具体事宜请与店内协商','2019-01-17 15:40:04','2019-01-17 15:40:04'),(571,173,'提供免费wifi','2019-01-17 15:40:04','2019-01-17 15:40:04'),(572,173,'停车位等事宜请咨询商家','2019-01-17 15:40:04','2019-01-17 15:40:04'),(573,174,'2018.8.8 至 2019.9.9（周末、法定节假日通用）','2019-01-17 15:44:49','2019-01-17 15:44:49'),(574,175,'早上8:00~晚上21:00','2019-01-17 15:44:49','2019-01-17 15:44:49'),(575,176,'无需预约，消费高峰时可能需要等位','2019-01-17 15:44:49','2019-01-17 15:44:49'),(576,176,'每单限最多使用一张优惠券','2019-01-17 15:44:49','2019-01-17 15:44:49'),(577,176,'餐巾纸费: 本套餐已含餐巾纸','2019-01-17 15:44:49','2019-01-17 15:44:49'),(578,176,'仅限堂食，不提供餐前外带，餐毕未吃完可打包，打包费详情咨询商家','2019-01-17 15:44:50','2019-01-17 15:44:50'),(579,176,'团购用户不可享受商家其他优惠','2019-01-17 15:44:50','2019-01-17 15:44:50'),(580,176,'酒水饮料等问题，请致电商家咨询，以商家反馈为准','2019-01-17 15:44:50','2019-01-17 15:44:50'),(581,176,'因部分菜品因时令或其他不可抗因素导致无法提供，店内会用等价菜品替换，具体事宜请与店内协商','2019-01-17 15:44:50','2019-01-17 15:44:50'),(582,176,'提供免费wifi','2019-01-17 15:44:50','2019-01-17 15:44:50'),(583,176,'停车位等事宜请咨询商家','2019-01-17 15:44:51','2019-01-17 15:44:51'),(584,177,'2018.8.8 至 2019.9.9（周末、法定节假日通用）','2019-01-17 15:48:25','2019-01-17 15:48:25'),(585,178,'早上8:00~晚上21:00','2019-01-17 15:48:25','2019-01-17 15:48:25'),(586,179,'无需预约，消费高峰时可能需要等位','2019-01-17 15:48:26','2019-01-17 15:48:26'),(587,179,'每单限最多使用一张优惠券','2019-01-17 15:48:26','2019-01-17 15:48:26'),(588,179,'餐巾纸费: 本套餐已含餐巾纸','2019-01-17 15:48:26','2019-01-17 15:48:26'),(589,179,'仅限堂食，不提供餐前外带，餐毕未吃完可打包，打包费详情咨询商家','2019-01-17 15:48:26','2019-01-17 15:48:26'),(590,179,'团购用户不可享受商家其他优惠','2019-01-17 15:48:26','2019-01-17 15:48:26'),(591,179,'酒水饮料等问题，请致电商家咨询，以商家反馈为准','2019-01-17 15:48:26','2019-01-17 15:48:26'),(592,179,'因部分菜品因时令或其他不可抗因素导致无法提供，店内会用等价菜品替换，具体事宜请与店内协商','2019-01-17 15:48:27','2019-01-17 15:48:27'),(593,179,'提供免费wifi','2019-01-17 15:48:27','2019-01-17 15:48:27'),(594,179,'停车位等事宜请咨询商家','2019-01-17 15:48:27','2019-01-17 15:48:27'),(595,180,'2018.8.8 至 2019.9.9（周末、法定节假日通用）','2019-01-17 15:57:19','2019-01-17 15:57:19'),(596,181,'早上8:00~晚上21:00','2019-01-17 15:57:19','2019-01-17 15:57:19'),(597,182,'无需预约，消费高峰时可能需要等位','2019-01-17 15:57:19','2019-01-17 15:57:19'),(598,182,'每单限最多使用一张优惠券','2019-01-17 15:57:20','2019-01-17 15:57:20'),(599,182,'餐巾纸费: 本套餐已含餐巾纸','2019-01-17 15:57:20','2019-01-17 15:57:20'),(600,182,'仅限堂食，不提供餐前外带，餐毕未吃完可打包，打包费详情咨询商家','2019-01-17 15:57:20','2019-01-17 15:57:20'),(601,182,'团购用户不可享受商家其他优惠','2019-01-17 15:57:20','2019-01-17 15:57:20'),(602,182,'酒水饮料等问题，请致电商家咨询，以商家反馈为准','2019-01-17 15:57:20','2019-01-17 15:57:20'),(603,182,'因部分菜品因时令或其他不可抗因素导致无法提供，店内会用等价菜品替换，具体事宜请与店内协商','2019-01-17 15:57:21','2019-01-17 15:57:21'),(604,182,'提供免费wifi','2019-01-17 15:57:21','2019-01-17 15:57:21'),(605,182,'停车位等事宜请咨询商家','2019-01-17 15:57:21','2019-01-17 15:57:21'),(606,183,'2018.8.8 至 2019.9.9（周末、法定节假日通用）','2019-01-17 15:59:23','2019-01-17 15:59:23'),(607,184,'早上8:00~晚上21:00','2019-01-17 15:59:23','2019-01-17 15:59:23'),(608,185,'无需预约，消费高峰时可能需要等位','2019-01-17 15:59:23','2019-01-17 15:59:23'),(609,185,'每单限最多使用一张优惠券','2019-01-17 15:59:23','2019-01-17 15:59:23'),(610,185,'餐巾纸费: 本套餐已含餐巾纸','2019-01-17 15:59:24','2019-01-17 15:59:24'),(611,185,'仅限堂食，不提供餐前外带，餐毕未吃完可打包，打包费详情咨询商家','2019-01-17 15:59:24','2019-01-17 15:59:24'),(612,185,'因部分菜品因时令或其他不可抗因素导致无法提供，店内会用等价菜品替换，具体事宜请与店内协商','2019-01-17 15:59:24','2019-01-17 15:59:24'),(613,185,'酒水饮料等问题，请致电商家咨询，以商家反馈为准','2019-01-17 15:59:24','2019-01-17 15:59:24'),(614,185,'团购用户不可享受商家其他优惠','2019-01-17 15:59:24','2019-01-17 15:59:24'),(615,185,'提供免费wifi','2019-01-17 15:59:24','2019-01-17 15:59:24'),(616,185,'停车位等事宜请咨询商家','2019-01-17 15:59:24','2019-01-17 15:59:24'),(617,186,'2018.8.8 至 2019.9.9（周末、法定节假日通用）','2019-01-17 16:01:41','2019-01-17 16:01:41'),(618,187,'早上8:00~晚上21:00','2019-01-17 16:01:41','2019-01-17 16:01:41'),(619,188,'无需预约，消费高峰时可能需要等位','2019-01-17 16:01:41','2019-01-17 16:01:41'),(620,188,'每单限最多使用一张优惠券','2019-01-17 16:01:42','2019-01-17 16:01:42'),(621,188,'餐巾纸费: 本套餐已含餐巾纸','2019-01-17 16:01:42','2019-01-17 16:01:42'),(622,188,'仅限堂食，不提供餐前外带，餐毕未吃完可打包，打包费详情咨询商家','2019-01-17 16:01:42','2019-01-17 16:01:42'),(623,188,'团购用户不可享受商家其他优惠','2019-01-17 16:01:42','2019-01-17 16:01:42'),(624,188,'酒水饮料等问题，请致电商家咨询，以商家反馈为准','2019-01-17 16:01:42','2019-01-17 16:01:42'),(625,188,'因部分菜品因时令或其他不可抗因素导致无法提供，店内会用等价菜品替换，具体事宜请与店内协商','2019-01-17 16:01:43','2019-01-17 16:01:43'),(626,188,'提供免费wifi','2019-01-17 16:01:43','2019-01-17 16:01:43'),(627,188,'停车位等事宜请咨询商家','2019-01-17 16:01:43','2019-01-17 16:01:43'),(628,189,'2018.8.8 至 2019.9.9（周末、法定节假日通用）','2019-01-17 16:06:45','2019-01-17 16:06:45'),(629,190,'早上8:00~晚上21:00','2019-01-17 16:06:45','2019-01-17 16:06:45'),(630,191,'无需预约，消费高峰时可能需要等位','2019-01-17 16:06:46','2019-01-17 16:06:46'),(631,191,'每单限最多使用一张优惠券','2019-01-17 16:06:46','2019-01-17 16:06:46'),(632,191,'餐巾纸费: 本套餐已含餐巾纸','2019-01-17 16:06:46','2019-01-17 16:06:46'),(633,191,'仅限堂食，不提供餐前外带，餐毕未吃完可打包，打包费详情咨询商家','2019-01-17 16:06:46','2019-01-17 16:06:46'),(634,191,'团购用户不可享受商家其他优惠','2019-01-17 16:06:46','2019-01-17 16:06:46'),(635,191,'酒水饮料等问题，请致电商家咨询，以商家反馈为准','2019-01-17 16:06:47','2019-01-17 16:06:47'),(636,191,'因部分菜品因时令或其他不可抗因素导致无法提供，店内会用等价菜品替换，具体事宜请与店内协商','2019-01-17 16:06:47','2019-01-17 16:06:47'),(637,191,'提供免费wifi','2019-01-17 16:06:47','2019-01-17 16:06:47'),(638,191,'停车位等事宜请咨询商家','2019-01-17 16:06:47','2019-01-17 16:06:47'),(639,192,'2018.8.8 至 2019.9.9（周末、法定节假日通用）','2019-01-17 16:25:19','2019-01-17 16:25:19'),(640,193,'早上8:00~晚上21:00','2019-01-17 16:25:19','2019-01-17 16:25:19'),(641,194,'无需预约，消费高峰时可能需要等位','2019-01-17 16:25:20','2019-01-17 16:25:20'),(642,194,'每单限最多使用一张优惠券','2019-01-17 16:25:20','2019-01-17 16:25:20'),(643,194,'餐巾纸费: 本套餐已含餐巾纸','2019-01-17 16:25:20','2019-01-17 16:25:20'),(644,194,'仅限堂食，不提供餐前外带，餐毕未吃完可打包，打包费详情咨询商家','2019-01-17 16:25:20','2019-01-17 16:25:20'),(645,194,'团购用户不可享受商家其他优惠','2019-01-17 16:25:20','2019-01-17 16:25:20'),(646,194,'酒水饮料等问题，请致电商家咨询，以商家反馈为准','2019-01-17 16:25:21','2019-01-17 16:25:21'),(647,194,'因部分菜品因时令或其他不可抗因素导致无法提供，店内会用等价菜品替换，具体事宜请与店内协商','2019-01-17 16:25:21','2019-01-17 16:25:21'),(648,194,'提供免费wifi','2019-01-17 16:25:21','2019-01-17 16:25:21'),(649,194,'停车位等事宜请咨询商家','2019-01-17 16:25:21','2019-01-17 16:25:21'),(650,195,'2018.8.8 至 2019.9.9（周末、法定节假日通用）','2019-01-17 16:30:43','2019-01-17 16:30:43'),(651,196,'早上8:00~晚上21:00','2019-01-17 16:30:43','2019-01-17 16:30:43'),(652,197,'无需预约，消费高峰时可能需要等位','2019-01-17 16:30:43','2019-01-17 16:30:43'),(653,197,'每单限最多使用一张优惠券','2019-01-17 16:30:43','2019-01-17 16:30:43'),(654,197,'餐巾纸费: 本套餐已含餐巾纸','2019-01-17 16:30:43','2019-01-17 16:30:43'),(655,197,'仅限堂食，不提供餐前外带，餐毕未吃完可打包，打包费详情咨询商家','2019-01-17 16:30:44','2019-01-17 16:30:44'),(656,197,'团购用户不可享受商家其他优惠','2019-01-17 16:30:44','2019-01-17 16:30:44'),(657,197,'酒水饮料等问题，请致电商家咨询，以商家反馈为准','2019-01-17 16:30:44','2019-01-17 16:30:44'),(658,197,'因部分菜品因时令或其他不可抗因素导致无法提供，店内会用等价菜品替换，具体事宜请与店内协商','2019-01-17 16:30:44','2019-01-17 16:30:44'),(659,197,'提供免费wifi','2019-01-17 16:30:44','2019-01-17 16:30:44'),(660,197,'停车位等事宜请咨询商家','2019-01-17 16:30:45','2019-01-17 16:30:45'),(661,198,'2018.8.8 至 2019.9.9（周末、法定节假日通用）','2019-01-17 16:35:33','2019-01-17 16:35:33'),(662,199,'早上8:00~晚上21:00','2019-01-17 16:35:33','2019-01-17 16:35:33'),(663,200,'无需预约，消费高峰时可能需要等位','2019-01-17 16:35:33','2019-01-17 16:35:33'),(664,200,'每单限最多使用一张优惠券','2019-01-17 16:35:33','2019-01-17 16:35:33'),(665,200,'餐巾纸费: 本套餐已含餐巾纸','2019-01-17 16:35:33','2019-01-17 16:35:33'),(666,200,'仅限堂食，不提供餐前外带，餐毕未吃完可打包，打包费详情咨询商家','2019-01-17 16:35:33','2019-01-17 16:35:33'),(667,200,'团购用户不可享受商家其他优惠','2019-01-17 16:35:34','2019-01-17 16:35:34'),(668,200,'酒水饮料等问题，请致电商家咨询，以商家反馈为准','2019-01-17 16:35:34','2019-01-17 16:35:34'),(669,200,'因部分菜品因时令或其他不可抗因素导致无法提供，店内会用等价菜品替换，具体事宜请与店内协商','2019-01-17 16:35:34','2019-01-17 16:35:34'),(670,200,'提供免费wifi','2019-01-17 16:35:34','2019-01-17 16:35:34'),(671,200,'停车位等事宜请咨询商家','2019-01-17 16:35:34','2019-01-17 16:35:34'),(672,201,'2018.8.8 至 2019.9.9（周末、法定节假日通用）','2019-01-17 17:01:12','2019-01-17 17:01:12'),(673,202,'早上8:00~晚上21:00','2019-01-17 17:01:12','2019-01-17 17:01:12'),(674,203,'无需预约，消费高峰时可能需要等位','2019-01-17 17:01:12','2019-01-17 17:01:12'),(675,203,'每单限最多使用一张优惠券','2019-01-17 17:01:12','2019-01-17 17:01:12'),(676,203,'餐巾纸费: 本套餐已含餐巾纸','2019-01-17 17:01:12','2019-01-17 17:01:12'),(677,203,'仅限堂食，不提供餐前外带，餐毕未吃完可打包，打包费详情咨询商家','2019-01-17 17:01:13','2019-01-17 17:01:13'),(678,203,'团购用户不可享受商家其他优惠','2019-01-17 17:01:13','2019-01-17 17:01:13'),(679,203,'酒水饮料等问题，请致电商家咨询，以商家反馈为准','2019-01-17 17:01:13','2019-01-17 17:01:13'),(680,203,'因部分菜品因时令或其他不可抗因素导致无法提供，店内会用等价菜品替换，具体事宜请与店内协商','2019-01-17 17:01:13','2019-01-17 17:01:13'),(681,203,'提供免费wifi','2019-01-17 17:01:13','2019-01-17 17:01:13'),(682,203,'停车位等事宜请咨询商家','2019-01-17 17:01:14','2019-01-17 17:01:14'),(683,204,'2018.8.8 至 2019.9.9（周末、法定节假日通用）','2019-01-17 17:45:47','2019-01-17 17:45:47'),(684,205,'早上8:00~晚上21:00','2019-01-17 17:45:47','2019-01-17 17:45:47'),(685,206,'无需预约，消费高峰时可能需要等位','2019-01-17 17:45:47','2019-01-17 17:45:47'),(686,206,'每单限最多使用一张优惠券','2019-01-17 17:45:47','2019-01-17 17:45:47'),(687,206,'餐巾纸费: 本套餐已含餐巾纸','2019-01-17 17:45:47','2019-01-17 17:45:47'),(688,206,'仅限堂食，不提供餐前外带，餐毕未吃完可打包，打包费详情咨询商家','2019-01-17 17:45:48','2019-01-17 17:45:48'),(689,206,'团购用户不可享受商家其他优惠','2019-01-17 17:45:48','2019-01-17 17:45:48'),(690,206,'酒水饮料等问题，请致电商家咨询，以商家反馈为准','2019-01-17 17:45:48','2019-01-17 17:45:48'),(691,206,'因部分菜品因时令或其他不可抗因素导致无法提供，店内会用等价菜品替换，具体事宜请与店内协商','2019-01-17 17:45:48','2019-01-17 17:45:48'),(692,206,'提供免费wifi','2019-01-17 17:45:48','2019-01-17 17:45:48'),(693,206,'停车位等事宜请咨询商家','2019-01-17 17:45:49','2019-01-17 17:45:49'),(694,207,'2018.8.8 至 2019.9.9（周末、法定节假日通用）','2019-01-17 17:51:56','2019-01-17 17:51:56'),(695,208,'早上8:00~晚上21:00','2019-01-17 17:51:56','2019-01-17 17:51:56'),(696,209,'无需预约，消费高峰时可能需要等位','2019-01-17 17:51:56','2019-01-17 17:51:56'),(697,209,'每单限最多使用一张优惠券','2019-01-17 17:51:57','2019-01-17 17:51:57'),(698,209,'餐巾纸费: 本套餐已含餐巾纸','2019-01-17 17:51:57','2019-01-17 17:51:57'),(699,209,'仅限堂食，不提供餐前外带，餐毕未吃完可打包，打包费详情咨询商家','2019-01-17 17:51:57','2019-01-17 17:51:57'),(700,209,'团购用户不可享受商家其他优惠','2019-01-17 17:51:57','2019-01-17 17:51:57'),(701,209,'酒水饮料等问题，请致电商家咨询，以商家反馈为准','2019-01-17 17:51:57','2019-01-17 17:51:57'),(702,209,'因部分菜品因时令或其他不可抗因素导致无法提供，店内会用等价菜品替换，具体事宜请与店内协商','2019-01-17 17:51:58','2019-01-17 17:51:58'),(703,209,'提供免费wifi','2019-01-17 17:51:58','2019-01-17 17:51:58'),(704,209,'停车位等事宜请咨询商家','2019-01-17 17:51:58','2019-01-17 17:51:58'),(705,210,'2018.8.8 至 2019.9.9（周末、法定节假日通用）','2019-01-17 18:02:15','2019-01-17 18:02:15'),(706,211,'早上8:00~晚上21:00','2019-01-17 18:02:15','2019-01-17 18:02:15'),(707,212,'无需预约，消费高峰时可能需要等位','2019-01-17 18:02:15','2019-01-17 18:02:15'),(708,212,'每单限最多使用一张优惠券','2019-01-17 18:02:16','2019-01-17 18:02:16'),(709,212,'餐巾纸费: 本套餐已含餐巾纸','2019-01-17 18:02:16','2019-01-17 18:02:16'),(710,212,'仅限堂食，不提供餐前外带，餐毕未吃完可打包，打包费详情咨询商家','2019-01-17 18:02:16','2019-01-17 18:02:16'),(711,212,'团购用户不可享受商家其他优惠','2019-01-17 18:02:16','2019-01-17 18:02:16'),(712,212,'酒水饮料等问题，请致电商家咨询，以商家反馈为准','2019-01-17 18:02:16','2019-01-17 18:02:16'),(713,212,'因部分菜品因时令或其他不可抗因素导致无法提供，店内会用等价菜品替换，具体事宜请与店内协商','2019-01-17 18:02:17','2019-01-17 18:02:17'),(714,212,'提供免费wifi','2019-01-17 18:02:17','2019-01-17 18:02:17'),(715,212,'停车位等事宜请咨询商家','2019-01-17 18:02:17','2019-01-17 18:02:17'),(716,213,'2018.8.8 至 2019.9.9（周末、法定节假日通用）','2019-01-17 22:09:21','2019-01-17 22:09:21'),(717,214,'早上8:00~晚上21:00','2019-01-17 22:09:22','2019-01-17 22:09:22'),(718,215,'无需预约，消费高峰时可能需要等位','2019-01-17 22:09:22','2019-01-17 22:09:22'),(719,215,'每单限最多使用一张优惠券','2019-01-17 22:09:22','2019-01-17 22:09:22'),(720,215,'餐巾纸费: 本套餐已含餐巾纸','2019-01-17 22:09:22','2019-01-17 22:09:22'),(721,215,'仅限堂食，不提供餐前外带，餐毕未吃完可打包，打包费详情咨询商家','2019-01-17 22:09:22','2019-01-17 22:09:22'),(722,215,'团购用户不可享受商家其他优惠','2019-01-17 22:09:23','2019-01-17 22:09:23'),(723,215,'酒水饮料等问题，请致电商家咨询，以商家反馈为准','2019-01-17 22:09:23','2019-01-17 22:09:23'),(724,215,'因部分菜品因时令或其他不可抗因素导致无法提供，店内会用等价菜品替换，具体事宜请与店内协商','2019-01-17 22:09:23','2019-01-17 22:09:23'),(725,215,'提供免费wifi','2019-01-17 22:09:23','2019-01-17 22:09:23'),(726,215,'停车位等事宜请咨询商家','2019-01-17 22:09:23','2019-01-17 22:09:23'),(727,216,'2018.8.8 至 2019.9.9（周末、法定节假日通用）','2019-01-17 22:38:26','2019-01-17 22:38:26'),(728,217,'早上8:00~晚上21:00','2019-01-17 22:38:26','2019-01-17 22:38:26'),(729,218,'无需预约，消费高峰时可能需要等位','2019-01-17 22:38:26','2019-01-17 22:38:26'),(730,218,'每单限最多使用一张优惠券','2019-01-17 22:38:26','2019-01-17 22:38:26'),(731,218,'餐巾纸费: 本套餐已含餐巾纸','2019-01-17 22:38:27','2019-01-17 22:38:27'),(732,218,'仅限堂食，不提供餐前外带，餐毕未吃完可打包，打包费详情咨询商家','2019-01-17 22:38:27','2019-01-17 22:38:27'),(733,218,'团购用户不可享受商家其他优惠','2019-01-17 22:38:27','2019-01-17 22:38:27'),(734,218,'酒水饮料等问题，请致电商家咨询，以商家反馈为准','2019-01-17 22:38:27','2019-01-17 22:38:27'),(735,218,'因部分菜品因时令或其他不可抗因素导致无法提供，店内会用等价菜品替换，具体事宜请与店内协商','2019-01-17 22:38:27','2019-01-17 22:38:27'),(736,218,'提供免费wifi','2019-01-17 22:38:28','2019-01-17 22:38:28'),(737,218,'停车位等事宜请咨询商家','2019-01-17 22:38:28','2019-01-17 22:38:28'),(738,219,'2018.8.8 至 2019.9.9（周末、法定节假日通用）','2019-01-17 23:07:12','2019-01-17 23:07:12'),(739,220,'早上8:00~晚上21:00','2019-01-17 23:07:12','2019-01-17 23:07:12'),(740,221,'无需预约，消费高峰时可能需要等位','2019-01-17 23:07:12','2019-01-17 23:07:12'),(741,221,'每单限最多使用一张优惠券','2019-01-17 23:07:12','2019-01-17 23:07:12'),(742,221,'餐巾纸费: 本套餐已含餐巾纸','2019-01-17 23:07:12','2019-01-17 23:07:12'),(743,221,'仅限堂食，不提供餐前外带，餐毕未吃完可打包，打包费详情咨询商家','2019-01-17 23:07:13','2019-01-17 23:07:13'),(744,221,'团购用户不可享受商家其他优惠','2019-01-17 23:07:13','2019-01-17 23:07:13'),(745,221,'酒水饮料等问题，请致电商家咨询，以商家反馈为准','2019-01-17 23:07:13','2019-01-17 23:07:13'),(746,221,'因部分菜品因时令或其他不可抗因素导致无法提供，店内会用等价菜品替换，具体事宜请与店内协商','2019-01-17 23:07:13','2019-01-17 23:07:13'),(747,221,'提供免费wifi','2019-01-17 23:07:13','2019-01-17 23:07:13'),(748,221,'停车位等事宜请咨询商家','2019-01-17 23:07:14','2019-01-17 23:07:14'),(749,222,'2018.8.8 至 2019.9.9（周末、法定节假日通用）','2019-01-17 23:19:21','2019-01-17 23:19:21'),(750,223,'早上8:00~晚上21:00','2019-01-17 23:19:21','2019-01-17 23:19:21'),(751,224,'无需预约，消费高峰时可能需要等位','2019-01-17 23:19:21','2019-01-17 23:19:21'),(752,224,'每单限最多使用一张优惠券','2019-01-17 23:19:21','2019-01-17 23:19:21'),(753,224,'餐巾纸费: 本套餐已含餐巾纸','2019-01-17 23:19:21','2019-01-17 23:19:21'),(754,224,'仅限堂食，不提供餐前外带，餐毕未吃完可打包，打包费详情咨询商家','2019-01-17 23:19:22','2019-01-17 23:19:22'),(755,224,'团购用户不可享受商家其他优惠','2019-01-17 23:19:22','2019-01-17 23:19:22'),(756,224,'酒水饮料等问题，请致电商家咨询，以商家反馈为准','2019-01-17 23:19:22','2019-01-17 23:19:22'),(757,224,'因部分菜品因时令或其他不可抗因素导致无法提供，店内会用等价菜品替换，具体事宜请与店内协商','2019-01-17 23:19:22','2019-01-17 23:19:22'),(758,224,'提供免费wifi','2019-01-17 23:19:22','2019-01-17 23:19:22'),(759,224,'停车位等事宜请咨询商家','2019-01-17 23:19:23','2019-01-17 23:19:23');

/*Data for the table `px_shop` */

insert  into `px_shop`(`shop_id`,`shop_name`,`shop_address`,`shop_tel`,`waiter_name`,`owner_name`,`owner_phone`,`owner_idcard`,`shop_status`,`gmt_expired`,`gmt_created`,`gmt_modified`) values (14,'吃香了','大像山镇西关山货市丁家巷1号','09385631212','张君1','张君111','15294395456','610121199003127667','PX_SHOP_EXPIRED','2018-08-30 10:52:37','2018-07-25 22:57:02','2018-09-09 13:00:00'),(16,'吃好了','丁家巷1号','15294395456','魏浩岩','张君','17793812373','610621199003127667','PX_SHOP_EXPIRED','2020-01-13 05:46:40','2018-07-29 11:54:15','2019-01-17 14:58:24'),(23,'吃饱了','丁家巷1号','15294395456','张君','魏小敏','17793812373','610121199003127667','PX_SHOP_EXPIRED','2021-08-16 08:44:00','2018-08-09 15:33:39','2019-01-17 14:58:05'),(24,'洛伊之恋甘谷店','大像山镇西关山货市老邮局丁家巷1号','15294395456','张君','张君','15294395456','610121199003127667','PX_SHOP_ONLINE','2030-12-28 00:00:00','2018-12-28 14:52:30','2018-12-28 14:52:30');

/*Data for the table `px_sub_packages` */

insert  into `px_sub_packages`(`sub_packages_id`,`packages_detail_id`,`sub_packages_name`,`sub_packages_amount`,`sub_packages_type`,`sub_package_price`,`gmt_created`,`gmt_modified`) values (11,6,'肉夹馍','1','PX_SUB_PKG_BIGGER','6.00','2018-07-29 13:08:37','2018-07-29 13:08:37'),(12,6,'cxC','打分三大','PX_SUB_PKG_BIGGER','爱的发','2018-07-29 13:10:08','2018-07-29 13:10:08'),(15,13,'豆浆','2','PX_SUB_PKG_SMALL','2.8','2018-08-04 22:45:49','2018-08-04 22:45:49'),(16,13,'油条','4','PX_SUB_PKG_BIGGER','6','2018-08-04 22:46:08','2018-08-04 22:46:08'),(17,14,'冰峰','2','PX_SUB_PKG_COMMON','3','2018-08-04 22:46:54','2018-08-04 22:46:54'),(18,14,'酸梅汤','3','PX_SUB_PKG_COMMON','6.00','2018-08-04 22:47:17','2018-08-04 22:47:17'),(19,15,'餐巾纸','1','PX_SUB_PKG_COMMON','1','2018-08-04 22:47:43','2018-08-04 22:47:43'),(20,15,'餐具','1','PX_SUB_PKG_COMMON','0.00','2018-08-04 22:48:07','2018-08-04 22:48:07'),(21,10,'麻辣米线','1','PX_SUB_PKG_BIGGER','7.00','2018-08-05 12:14:57','2018-08-05 12:14:57'),(22,10,'白吉馍','1','PX_SUB_PKG_COMMON','2.00','2018-08-05 12:15:22','2018-08-05 12:15:22'),(23,11,'糖蒜','1','PX_SUB_PKG_SMALL','1.00','2018-08-05 12:15:59','2018-08-05 12:15:59'),(24,11,'酱萝卜','1','PX_SUB_PKG_SMALL','1.00','2018-08-05 12:16:20','2018-08-05 12:16:20'),(25,12,'冰峰','1','PX_SUB_PKG_COMMON','2.00','2018-08-05 12:17:02','2018-08-05 12:17:02'),(26,12,'酸梅汤','1','PX_SUB_PKG_COMMON','2','2018-08-05 12:17:27','2018-08-05 12:17:27'),(30,21,'油泼面','1','PX_SUB_PKG_BIGGER','10','2018-08-09 15:56:30','2018-08-09 15:56:30'),(31,22,'小碟牛肉','1','PX_SUB_PKG_SMALL','8','2018-08-09 15:58:14','2018-08-09 15:58:14'),(32,23,'冰峰','1','PX_SUB_PKG_COMMON','2','2018-08-09 16:01:35','2018-08-09 16:01:35'),(33,23,'酸梅汤','1','PX_SUB_PKG_COMMON','2','2018-08-09 16:02:31','2018-08-09 16:02:31'),(34,22,'榨菜','1','PX_SUB_PKG_COMMON','2','2018-08-09 16:03:35','2018-08-09 16:03:35'),(35,22,'凉拌黄瓜','1','PX_SUB_PKG_COMMON','2','2018-08-09 16:04:29','2018-08-09 16:04:29'),(36,22,'凉拌海带丝','1','PX_SUB_PKG_COMMON','2','2018-08-09 16:05:01','2018-08-09 16:05:01'),(37,24,'砂锅米线','1','PX_SUB_PKG_BIGGER','10','2018-08-09 17:04:18','2018-08-09 17:04:18'),(38,27,'砂锅米线','1','PX_SUB_PKG_BIGGER','10','2018-08-09 17:05:43','2018-08-09 17:05:43'),(39,28,'白吉馍','1','PX_SUB_PKG_COMMON','2','2018-08-09 17:06:31','2018-08-09 17:06:31'),(40,28,'米饭','1','PX_SUB_PKG_COMMON','2','2018-08-09 17:06:50','2018-08-09 17:06:50'),(41,29,'冰峰','1','PX_SUB_PKG_COMMON','2','2018-08-09 17:07:34','2018-08-09 17:07:34'),(42,29,'酸梅汤','1','PX_SUB_PKG_COMMON','2','2018-08-09 17:08:01','2018-08-09 17:08:01'),(43,121,'擀面皮','1','PX_SUB_PKG_BIGGER','7','2018-08-09 21:16:31','2018-08-09 21:16:31'),(44,122,'黑米稀饭','1','PX_SUB_PKG_COMMON','2','2018-08-09 21:17:08','2018-08-09 21:17:08'),(45,122,'白米稀饭','1','PX_SUB_PKG_COMMON','2','2018-08-09 21:17:32','2018-08-09 21:17:32'),(46,123,'冰峰','1','PX_SUB_PKG_COMMON','2','2018-08-09 21:17:50','2018-08-09 21:17:50'),(47,123,'酸梅汤','1','PX_SUB_PKG_COMMON','2','2018-08-09 21:18:07','2018-08-09 21:18:07'),(48,124,'餐巾纸','1','PX_SUB_PKG_COMMON','1','2018-08-09 21:18:31','2018-08-09 21:18:31'),(49,125,'发的说法','1','PX_SUB_PKG_COMMON','5','2018-08-10 12:49:55','2018-08-10 12:49:55'),(50,117,'阿斯顿发','1','PX_SUB_PKG_BIGGER','4','2018-08-10 13:08:54','2018-08-10 13:08:54'),(51,129,'大发','1','PX_SUB_PKG_COMMON','3','2018-08-10 13:42:13','2018-08-10 13:42:13'),(52,130,'水饺','1','PX_SUB_PKG_BIGGER','12','2018-08-17 17:42:56','2018-08-17 17:42:56'),(53,131,'凉拌黄瓜','1','PX_SUB_PKG_SMALL','3','2018-08-17 17:43:32','2018-08-17 17:43:32'),(54,131,'酱牛肉','1','PX_SUB_PKG_SMALL','8','2018-08-17 17:44:25','2018-08-17 17:44:25'),(55,132,'冰峰','1','PX_SUB_PKG_COMMON','2','2018-08-17 17:44:58','2018-08-17 17:44:58'),(56,132,'酸梅汤','1','PX_SUB_PKG_COMMON','2','2018-08-17 17:45:19','2018-08-17 17:45:19'),(57,133,'餐巾纸','1','PX_SUB_PKG_COMMON','1','2018-08-17 17:45:39','2018-08-17 17:45:39'),(58,134,'岐山臊子面','1','PX_SUB_PKG_BIGGER','8','2018-08-17 17:54:02','2018-08-17 17:54:02'),(59,138,'牛肉面','1','PX_SUB_PKG_BIGGER','10','2018-08-17 17:55:52','2018-08-17 17:55:52'),(60,142,'酸辣粉','1','PX_SUB_PKG_BIGGER','10','2018-08-18 14:43:12','2018-08-18 14:43:12'),(61,144,'冰峰','1','PX_SUB_PKG_COMMON','2','2018-08-18 14:43:39','2018-08-18 14:43:39'),(62,144,'酸梅汤','1','PX_SUB_PKG_COMMON','2','2018-08-18 14:44:08','2018-08-18 14:44:08'),(63,146,'豌豆凉粉','1','PX_SUB_PKG_COMMON','5','2018-08-18 14:47:01','2018-08-18 14:47:01'),(64,148,'冰峰','1','PX_SUB_PKG_COMMON','2','2018-08-18 14:47:16','2018-08-18 14:47:16'),(65,148,'酸梅汤','1','PX_SUB_PKG_COMMON','2','2018-08-18 14:47:34','2018-08-18 14:47:34'),(66,150,'肠粉','1','PX_SUB_PKG_COMMON','6','2018-08-18 14:50:11','2018-08-18 14:50:11'),(67,154,'馄饨','1','PX_SUB_PKG_COMMON','10','2018-08-18 21:54:17','2018-08-18 21:54:17'),(68,155,'浆水面','1','PX_SUB_PKG_BIGGER','7','2018-08-19 11:56:12','2018-08-19 11:56:12'),(69,164,'凉拌黄瓜','1','PX_SUB_PKG_SMALL','2','2018-08-19 11:58:26','2018-08-19 11:58:26'),(70,164,'炒青椒','1','PX_SUB_PKG_SMALL','2','2018-08-19 11:59:19','2018-08-19 11:59:19'),(71,163,'浆水面','1','PX_SUB_PKG_BIGGER','7','2018-08-19 12:01:06','2018-08-19 12:01:06'),(72,165,'热米皮','1','PX_SUB_PKG_BIGGER','6','2018-08-20 20:05:07','2018-08-20 20:05:07'),(73,167,'冰峰','1','PX_SUB_PKG_COMMON','2','2018-08-20 20:05:27','2018-08-20 20:05:27'),(74,167,'酸梅汤','1','PX_SUB_PKG_COMMON','2','2018-08-20 20:05:45','2018-08-20 20:05:45'),(75,168,'香辣鸡排堡','1','PX_SUB_PKG_COMMON','8','2018-12-28 16:39:55','2018-12-28 16:39:55'),(76,172,'牛肉堡','1','PX_SUB_PKG_COMMON','8','2018-12-28 16:54:52','2018-12-28 16:54:52'),(77,176,'鸡米花','1','PX_SUB_PKG_BIGGER','6','2018-12-28 17:01:00','2018-12-28 17:01:00'),(78,180,'大薯条','1','PX_SUB_PKG_BIGGER','6','2018-12-28 17:03:28','2018-12-28 17:03:28'),(79,184,'墨西哥鸡肉卷','1','PX_SUB_PKG_COMMON','8','2018-12-28 20:30:26','2018-12-28 20:30:26'),(80,188,'至Q虾球','3','PX_SUB_PKG_COMMON','5','2018-12-28 21:07:09','2018-12-28 21:07:09'),(81,192,'芝士热狗','1','PX_SUB_PKG_COMMON','6','2018-12-28 21:10:35','2018-12-28 21:10:35'),(82,196,'至尊披萨7寸','1','PX_SUB_PKG_COMMON','20','2018-12-28 21:14:47','2018-12-28 21:14:47'),(83,200,'香辣炸全鸡','1','PX_SUB_PKG_BIGGER','20','2018-12-28 21:23:55','2018-12-28 21:23:55'),(84,204,'大脸鸡排','1','PX_SUB_PKG_BIGGER','8','2018-12-28 21:27:30','2018-12-28 21:27:30'),(85,208,'香辣鸡翅','1','PX_SUB_PKG_COMMON','6','2018-12-28 21:30:04','2018-12-28 21:30:04'),(86,212,'骨肉相连','1','PX_SUB_PKG_COMMON','3','2018-12-28 21:34:07','2018-12-28 21:34:07'),(87,216,'冰淇淋','1','PX_SUB_PKG_COMMON','3','2018-12-28 21:36:44','2018-12-28 21:36:44'),(88,220,'百事可乐中杯','1','PX_SUB_PKG_COMMON','4','2018-12-28 21:41:49','2018-12-28 21:41:49'),(89,224,'雪碧中杯','1','PX_SUB_PKG_COMMON','4','2018-12-28 21:46:09','2018-12-28 21:46:09'),(90,228,'雪碧中杯','1','PX_SUB_PKG_COMMON','4','2018-12-28 21:49:34','2018-12-28 21:49:34'),(91,232,'原味奶茶','1','PX_SUB_PKG_COMMON','6','2018-12-28 21:52:17','2018-12-28 21:52:17'),(92,236,'丝袜奶茶','1','PX_SUB_PKG_COMMON','6','2018-12-28 21:54:20','2018-12-28 21:54:20'),(93,240,'西瓜汁','1','PX_SUB_PKG_COMMON','6','2018-12-28 21:57:13','2018-12-28 21:57:13'),(94,244,'芒果汁','1','PX_SUB_PKG_COMMON','6','2018-12-28 22:00:35','2018-12-28 22:00:35'),(95,248,'草莓汁','1','PX_SUB_PKG_COMMON','6','2018-12-28 22:02:09','2018-12-28 22:02:09'),(96,252,'柳橙汁','1','PX_SUB_PKG_COMMON','6','2018-12-28 22:04:32','2018-12-28 22:04:32'),(97,253,'柠檬汁','1','PX_SUB_PKG_COMMON','6','2018-12-28 22:06:29','2018-12-28 22:06:29'),(98,254,'特调凤梨果汁','1','PX_SUB_PKG_COMMON','7','2019-01-05 23:10:36','2019-01-05 23:10:36'),(99,259,'特调百香果汁','1','PX_SUB_PKG_COMMON','7','2019-01-05 23:13:37','2019-01-05 23:13:37'),(100,260,'蓝莓味奶茶','1','PX_SUB_PKG_COMMON','6','2019-01-17 15:39:55','2019-01-17 15:39:55'),(101,264,'柳橙味奶茶','1','PX_SUB_PKG_COMMON','6','2019-01-17 15:43:49','2019-01-17 15:43:49'),(102,268,'草莓味奶茶','1','PX_SUB_PKG_COMMON','6','2019-01-17 15:47:32','2019-01-17 15:47:32'),(103,272,'红豆味奶茶','1','PX_SUB_PKG_COMMON','6','2019-01-17 15:51:42','2019-01-17 15:51:42'),(104,274,'香草味奶茶','1','PX_SUB_PKG_COMMON','6','2019-01-17 15:55:54','2019-01-17 15:55:54'),(105,275,'荔枝味奶茶','1','PX_SUB_PKG_COMMON','6','2019-01-17 16:00:18','2019-01-17 16:00:18'),(106,279,'巧克力奶茶','1','PX_SUB_PKG_COMMON','6','2019-01-17 16:02:36','2019-01-17 16:02:36'),(107,287,'香芋味奶茶','1','PX_SUB_PKG_COMMON','6','2019-01-17 16:06:04','2019-01-17 16:06:04'),(108,288,'香芋地瓜丸','6','PX_SUB_PKG_COMMON','4','2019-01-17 16:25:02','2019-01-17 16:25:02'),(109,289,'盐酥杏鲍菇','6','PX_SUB_PKG_COMMON','4','2019-01-17 16:27:33','2019-01-17 16:27:33'),(110,290,'至珍全虾堡','1','PX_SUB_PKG_COMMON','9','2019-01-17 16:34:55','2019-01-17 16:34:55'),(111,291,'香辣鸡排堡','1','PX_SUB_PKG_COMMON','8','2019-01-17 17:02:30','2019-01-17 17:02:30'),(112,292,'薯条','1','PX_SUB_PKG_COMMON','7','2019-01-17 17:03:27','2019-01-17 17:03:27'),(113,292,'鸡米花','1','PX_SUB_PKG_COMMON','7','2019-01-17 17:09:32','2019-01-17 17:09:32'),(114,293,'可乐','1','PX_SUB_PKG_COMMON','5','2019-01-17 17:10:09','2019-01-17 17:10:09'),(115,293,'雪碧','1','PX_SUB_PKG_COMMON','5','2019-01-17 17:10:28','2019-01-17 17:10:28'),(117,293,'美年达','1','PX_SUB_PKG_COMMON','5','2019-01-17 17:11:48','2019-01-17 17:11:48'),(118,294,'料包','2','PX_SUB_PKG_COMMON','1','2019-01-17 17:12:17','2019-01-17 17:12:17'),(119,294,'纸巾','3','PX_SUB_PKG_COMMON','0.5','2019-01-17 17:12:38','2019-01-17 17:12:38'),(120,295,'香辣鸡排堡','1','PX_SUB_PKG_COMMON','8','2019-01-17 17:40:59','2019-01-17 17:40:59'),(121,296,'香辣鸡翅','1','PX_SUB_PKG_COMMON','6','2019-01-17 17:42:12','2019-01-17 17:42:12'),(122,296,'芝士热狗','1','PX_SUB_PKG_COMMON','6','2019-01-17 17:42:40','2019-01-17 17:42:40'),(123,296,'鸡米花','1','PX_SUB_PKG_COMMON','6','2019-01-17 17:43:30','2019-01-17 17:43:30'),(124,296,'薯条','1','PX_SUB_PKG_COMMON','6','2019-01-17 17:43:53','2019-01-17 17:43:53'),(125,297,'可乐','1','PX_SUB_PKG_COMMON','5','2019-01-17 17:44:24','2019-01-17 17:44:24'),(126,297,'雪碧','1','PX_SUB_PKG_COMMON','5','2019-01-17 17:44:35','2019-01-17 17:44:35'),(127,297,'美年达','1','PX_SUB_PKG_COMMON','5','2019-01-17 17:44:48','2019-01-17 17:44:48'),(128,298,'料包','2','PX_SUB_PKG_COMMON','1','2019-01-17 17:45:10','2019-01-17 17:45:10'),(129,298,'纸巾','3','PX_SUB_PKG_COMMON','0.5','2019-01-17 17:45:24','2019-01-17 17:45:24'),(130,295,'骨肉相连','1','PX_SUB_PKG_COMMON','2.5','2019-01-17 17:47:10','2019-01-17 17:47:10'),(131,299,'致珍鲜虾堡','1','PX_SUB_PKG_COMMON','9','2019-01-17 18:06:38','2019-01-17 18:06:38'),(132,299,'香辣鸡排堡','1','PX_SUB_PKG_COMMON','8','2019-01-17 18:07:13','2019-01-17 18:07:13'),(136,300,'香辣鸡翅','2','PX_SUB_PKG_COMMON','6','2019-01-17 18:14:21','2019-01-17 18:14:21'),(138,300,'薯条','1','PX_SUB_PKG_COMMON','6','2019-01-17 18:15:25','2019-01-17 18:15:25'),(143,301,'可乐','1','PX_SUB_PKG_COMMON','5','2019-01-17 18:21:21','2019-01-17 18:21:21'),(144,301,'雪碧','1','PX_SUB_PKG_COMMON','5','2019-01-17 18:21:34','2019-01-17 18:21:34'),(145,301,'美年达','1','PX_SUB_PKG_COMMON','5','2019-01-17 18:21:51','2019-01-17 18:21:51'),(146,302,'纸巾','6','PX_SUB_PKG_COMMON','1','2019-01-17 18:22:29','2019-01-17 18:22:29'),(147,302,'料包','4','PX_SUB_PKG_COMMON','2','2019-01-17 18:22:45','2019-01-17 18:22:45'),(148,303,'骨肉相连','1','PX_SUB_PKG_COMMON','2.5','2019-01-17 21:55:58','2019-01-17 21:55:58'),(150,304,'致珍鲜虾堡','1','PX_SUB_PKG_COMMON','9','2019-01-17 22:10:30','2019-01-17 22:10:30'),(151,304,'香辣鸡排堡','1','PX_SUB_PKG_COMMON','8','2019-01-17 22:10:51','2019-01-17 22:10:51'),(152,304,'墨西哥鸡肉卷','1','PX_SUB_PKG_COMMON','8','2019-01-17 22:11:07','2019-01-17 22:11:07'),(153,304,'香辣炸全鸡','1','PX_SUB_PKG_COMMON','20','2019-01-17 22:13:02','2019-01-17 22:13:02'),(154,305,'骨肉相连','1','PX_SUB_PKG_COMMON','2.50','2019-01-17 22:13:34','2019-01-17 22:13:34'),(155,305,'薯条','1','PX_SUB_PKG_COMMON','6','2019-01-17 22:13:55','2019-01-17 22:13:55'),(156,305,'鸡米花','1','PX_SUB_PKG_COMMON','6','2019-01-17 22:14:11','2019-01-17 22:14:11'),(157,306,'可乐','3','PX_SUB_PKG_COMMON','15','2019-01-17 22:15:01','2019-01-17 22:15:01'),(158,307,'纸巾','9','PX_SUB_PKG_COMMON','1.5','2019-01-17 22:15:40','2019-01-17 22:15:40'),(159,307,'料包','6','PX_SUB_PKG_COMMON','3','2019-01-17 22:16:10','2019-01-17 22:16:10'),(160,308,'香辣鸡排堡','1','PX_SUB_PKG_COMMON','8','2019-01-17 22:46:06','2019-01-17 22:46:06'),(161,308,'墨西哥鸡肉卷','1','PX_SUB_PKG_COMMON','8','2019-01-17 22:46:31','2019-01-17 22:46:31'),(162,309,'芝士热狗','1','PX_SUB_PKG_COMMON','6','2019-01-17 22:47:18','2019-01-17 22:47:18'),(163,309,'香芋地瓜丸','6','PX_SUB_PKG_COMMON','4','2019-01-17 22:48:04','2019-01-17 22:48:04'),(164,310,'可乐','1','PX_SUB_PKG_COMMON','6','2019-01-17 22:48:50','2019-01-17 22:48:50'),(165,311,'料包','4','PX_SUB_PKG_COMMON','1','2019-01-17 22:49:06','2019-01-17 22:49:06'),(166,311,'纸巾','4','PX_SUB_PKG_COMMON','0.50','2019-01-17 22:49:23','2019-01-17 22:49:23'),(167,305,'紫菜海鲜汤','1','PX_SUB_PKG_COMMON','4','2019-01-17 22:59:37','2019-01-17 22:59:37'),(168,312,'鸡米花','1','PX_SUB_PKG_COMMON','6','2019-01-17 23:08:35','2019-01-17 23:08:35'),(169,303,'鸡米花','1','PX_SUB_PKG_COMMON','6','2019-01-17 23:12:49','2019-01-17 23:12:49'),(170,314,'至尊披萨7寸','1','PX_SUB_PKG_COMMON','20','2019-01-17 23:14:30','2019-01-17 23:14:30'),(171,316,'可乐','1','PX_SUB_PKG_COMMON','5','2019-01-17 23:15:31','2019-01-17 23:15:31'),(172,316,'雪碧','1','PX_SUB_PKG_COMMON','5','2019-01-17 23:15:46','2019-01-17 23:15:46'),(173,316,'美年达','1','PX_SUB_PKG_COMMON','5','2019-01-17 23:15:58','2019-01-17 23:15:58'),(174,317,'纸巾','3','PX_SUB_PKG_COMMON','1','2019-01-17 23:16:17','2019-01-17 23:16:17'),(175,317,'料包','2','PX_SUB_PKG_COMMON','1','2019-01-17 23:16:35','2019-01-17 23:16:35'),(176,318,'香辣炸全鸡','1','PX_SUB_PKG_COMMON','20','2019-01-18 09:52:06','2019-01-18 09:52:06'),(177,320,'可乐','1','PX_SUB_PKG_COMMON','5','2019-01-18 09:52:52','2019-01-18 09:52:52'),(178,320,'雪碧','1','PX_SUB_PKG_COMMON','5','2019-01-18 09:53:17','2019-01-18 09:53:17'),(179,320,'美年达','1','PX_SUB_PKG_COMMON','5','2019-01-18 09:53:41','2019-01-18 09:53:41'),(180,321,'料包','2','PX_SUB_PKG_COMMON','1','2019-01-18 09:54:04','2019-01-18 09:54:04'),(181,321,'纸巾','3','PX_SUB_PKG_COMMON','0.5','2019-01-18 09:54:31','2019-01-18 09:54:31');

/*!40101 SET SQL_MODE=@OLD_SQL_MODE */;
/*!40014 SET FOREIGN_KEY_CHECKS=@OLD_FOREIGN_KEY_CHECKS */;
/*!40014 SET UNIQUE_CHECKS=@OLD_UNIQUE_CHECKS */;
/*!40111 SET SQL_NOTES=@OLD_SQL_NOTES */;
